RI,Na,Mg,Al,Si,K,Ca,Ba,Fe,Type
0.8728676458471423,0.28495326149216554,1.2546385680911576,-0.6924419235483906,-1.127082012114992,-0.6717054646183225,-0.14576634040507527,-0.35287682825777533,-0.58645090167281,1
-0.24933346932128594,0.5918171803695952,0.6361680303200007,-0.17046023236518446,0.10231906666480764,-0.026213246507611192,-0.7937337619212451,-0.35287682825777533,-0.58645090167281,1
-0.7213180559949971,0.14993313718609505,0.6014224944901602,0.19091170768472734,0.4387867303308453,-0.16453300753133498,-0.8289493826558194,-0.35287682825777533,-0.58645090167281,1
-0.23283051174524516,-0.24285267897701304,0.698709994813713,-0.310993764606817,-0.05297370118106723,0.11210651451611262,-0.519051920191564,-0.35287682825777533,-0.58645090167281,1
-0.31204470811007967,-0.1692053384464315,0.6500662446519367,-0.411374859065126,0.5552563062152515,0.08136878984417412,-0.6246987823952875,-0.35287682825777533,-0.58645090167281,1
-0.7939310693294592,-0.7583840626910969,0.6431171374859685,0.3515214588180217,0.412904602356539,0.21968855086789793,-0.6246987823952875,-0.35287682825777533,2.0881497679235133,1
-0.3087441165948569,-0.13238166818113856,0.6361680303200007,-0.612137047981744,0.5681973702024138,0.12747537685208193,-0.554267540926139,-0.35287682825777533,-0.58645090167281,1
-0.26583642689725345,-0.31650001950759676,0.6431171374859685,-0.7928230180066996,0.762313330009739,0.11210651451611262,-0.5049656718977344,-0.35287682825777533,-0.58645090167281,1
0.2688593985653247,0.7759355316960512,0.6222698159880645,-0.15038401347352268,-0.7388500925003233,0.09673765218014345,-0.46270692701624483,-0.35287682825777533,-0.58645090167281,1
-0.2691370184124763,-0.500618370834055,0.6361680303200007,-0.17046023236518446,0.4387867303308453,0.11210651451611262,-0.3922756855470962,-0.35287682825777533,0.5451109200794807,1
-0.8764458572095166,-0.8443059599767754,0.5388805299964478,0.23106414546805093,0.7105490740611263,0.26579513787580594,-0.6106125341014581,-0.35287682825777533,1.8824112548776422,1
-0.24273228629084032,-0.7461095059359978,0.677862673315809,-0.3511462023901406,0.4646688583051701,0.1582131015240206,-0.2795856991964578,-0.35287682825777533,-0.58645090167281,1
-0.8170352099358724,-0.6479130518952202,0.5180332084985437,-0.09015535679853774,0.8140775859583701,0.2965328625477444,-0.6387850306891171,-0.35287682825777533,1.8824112548776422,1
-0.29224115901888936,-0.6724621654054163,0.6083716016561284,-0.3511462023901406,0.7234901380482703,0.0659999275082048,-0.4063619338409256,-0.35287682825777533,1.1623264592170939,1
-0.24273228629084032,-0.9793260842828458,0.6292189231540324,-0.27084132682349343,0.8270186499455324,0.12747537685208193,-0.32184444407794754,-0.35287682825777533,-0.58645090167281,1
-0.24933346932128594,-0.7338349491809009,0.5944733873241923,-0.4314510779567878,0.762313330009739,0.12747537685208193,-0.3993188096940109,-0.35287682825777533,-0.58645090167281,1
-0.17341986447160093,-0.8934041869971653,0.6848117804817769,-0.5719846101984203,0.5940794981767201,0.17358196385998995,-0.18098196113965023,-0.35287682825777533,-0.58645090167281,1
1.1864238397912577,1.1687213478591614,0.809895709469202,-1.114042520273288,-1.6706066995755358,-0.5333857035945987,0.13595862547152054,-0.35287682825777533,-0.58645090167281,1
0.2457552579589116,0.6040917371246921,0.7265064234775853,-0.5318321724150967,-0.6870858365516923,-0.6717054646183225,-0.04716260234826643,-0.35287682825777533,-0.58645090167281,1
-0.3351488487164928,-0.47606925732386113,0.5944733873241923,0.4920549910596538,0.10231906666480764,0.0659999275082048,-0.3641031889594372,-0.35287682825777533,0.1336338939877387,1
-0.28563997598844376,-0.7215603924258039,0.6014224944901602,0.09053061322641838,0.12820119463911397,0.0659999275082048,-0.30775819578411806,-0.35287682825777533,1.3680649722629648,1
0.4272877912949938,1.6719781748181461,0.7404046378095214,-2.3186156537729943,-0.8164964764232607,-0.7178120516262305,0.030311763267796957,-0.35287682825777533,-0.58645090167281,1
-0.33184825720127004,-0.7706586194461938,0.6500662446519367,-0.310993764606817,0.17996545058774507,0.14284423918805128,-0.18098196113965023,-0.35287682825777533,-0.58645090167281,1
-0.2823393844732942,-0.7338349491809009,0.6153207088220963,-0.19053645125684626,0.477609922292314,0.18895082619595926,-0.2584563267557136,-0.35287682825777533,-0.58645090167281,1
-0.3846577214444686,-0.03418521414036099,0.5666769586603201,-0.5920608290900821,0.2576118345106641,0.00452447816432747,-0.37114631310635193,-0.35287682825777533,-0.58645090167281,1
-0.2394316947756175,-0.5251674843442489,0.5944733873241923,-0.47160351574011133,0.4517277943180077,0.23505741320386725,-0.3007150716372033,-0.35287682825777533,-0.58645090167281,1
-0.14371454083481547,-0.24285267897701304,0.5527787443283839,-0.07007913790687595,-0.014150509219598512,0.14284423918805128,-0.37114631310635193,-0.35287682825777533,-0.58645090167281,1
-0.3813571299293191,-0.6601876086503193,0.5527787443283839,-0.23068888904016985,0.5034920502666388,0.09673765218014345,-0.37114631310635193,-0.35287682825777533,-0.58645090167281,1
-0.2262293287148728,-1.0406988680583305,0.5805751729922561,-0.029926700123552367,0.6458437541253512,0.11210651451611262,-0.2936719474902886,-0.35287682825777533,-0.58645090167281,1
-0.17341986447160093,-0.40242191679327743,0.5597278514943521,-0.3310699834984788,0.2705528984978265,0.1582131015240206,-0.32888756822486226,-0.35287682825777533,-0.58645090167281,1
-0.2262293287148728,-0.930227857262456,0.6083716016561284,-0.2909175457151552,0.5552563062152515,0.17358196385998995,-0.18802508528656497,-0.35287682825777533,0.8537186896482875,1
-0.2955417505340389,-0.6970112789156101,0.5666769586603201,-0.612137047981744,0.8011365219712078,0.09673765218014345,-0.2866288233433726,-0.35287682825777533,-0.58645090167281,1
-0.2031251881084597,-0.6847367221605132,0.5527787443283839,-0.4314510779567878,0.412904602356539,0.17358196385998995,-0.2795856991964578,-0.17144576279475474,1.6766727418317715,1
-0.2757382014428486,-1.0284243113032336,0.5458296371624161,-0.13030779458186134,0.9564292898170826,0.1582131015240206,-0.2866288233433726,-0.35287682825777533,0.030764637464803086,1
-0.17672045598682376,-0.8811296302420684,0.5944733873241923,-0.21061267014850804,0.38702247438223264,0.11210651451611262,-0.14576634040507527,-0.35287682825777533,-0.58645090167281,1
-0.8896482232702613,-0.14465622493623767,0.5319314228304799,-0.47160351574011133,0.1152601306519516,0.09673765218014345,-0.2725425750495431,-0.35287682825777533,-0.58645090167281,1
0.23915407492853927,0.5918171803695952,0.5875242801582241,-0.25076510793183165,-1.0882588201535235,0.0198933405002968,-0.12463696796433106,-0.1311277482474168,-0.58645090167281,1
-0.13051217477399749,-0.8197568464665815,0.5527787443283839,-0.19053645125684626,0.3999635383693766,0.21968855086789793,-0.19506820943347972,-0.35287682825777533,-0.58645090167281,1
1.242533895549679,0.9846029965327054,0.7890483879712976,-1.9572437137230827,-1.1400230761021544,-0.5948611529384759,0.4317698396419459,-0.35287682825777533,-0.58645090167281,1
1.242533895549679,0.9846029965327054,0.7890483879712976,-1.9572437137230827,-1.1400230761021544,-0.5948611529384759,0.4317698396419459,-0.35287682825777533,-0.58645090167281,1
-0.14371454083481547,-0.7583840626910969,0.5666769586603201,-0.6522894857650671,0.4905509862794764,0.21968855086789793,-0.1316800921112458,-0.35287682825777533,-0.58645090167281,1
-0.2691370184124763,-0.8565805167318723,0.5110841013325755,-0.49167973463177317,0.7105490740611263,0.14284423918805128,-0.22324070602113866,-0.35287682825777533,-0.58645090167281,1
-0.18992282204764172,-0.24285267897701304,0.4902367798346715,-0.23068888904016985,0.14114225862627636,0.14284423918805128,-0.2584563267557136,-0.35287682825777533,-0.58645090167281,1
1.2326321210040838,0.39542427228804006,0.8029466023032338,-1.4553382414315383,-1.1529641400892985,-0.50264797892266,0.5515029501394989,-0.35287682825777533,-0.58645090167281,1
-0.16681868144122858,-0.8320314032216785,0.5180332084985437,-0.511755953523435,0.38702247438223264,0.18895082619595926,-0.13872321625816053,-0.35287682825777533,2.4996267940152554,1
0.2094487512916805,0.10083491016570735,0.5527787443283839,-0.19053645125684626,-0.9070839243333422,0.08136878984417412,0.030311763267796957,-0.35287682825777533,-0.58645090167281,1
0.10713041432050613,-0.2674017924872091,0.4763385655027354,-0.5318321724150967,0.08937800267764527,0.11210651451611262,-0.08942134722975612,-0.35287682825777533,1.0594572026941584,1
2.7410024434510163,0.7145627479205666,0.7056591019796813,-1.4754144603232,-1.398844355845273,-0.7331809139621998,0.6078479433148181,-0.35287682825777533,0.44224166355654526,1
1.2755398107016873,-0.24285267897701304,0.7543028521414575,-1.3148047091899058,-0.8553196683847295,-0.5641234282665373,0.7487104262531153,-0.35287682825777533,-0.58645090167281,1
0.20284756826130815,0.21130592096158182,0.4624403511707993,-0.4314510779567878,-0.7388500925003233,0.14284423918805128,-0.03307635405443695,-0.35287682825777533,-0.58645090167281,1
1.5956971876762482,0.38314971553294314,0.7195573163116173,-1.8769388381564356,-1.1659052040764608,-0.6255988776104144,0.7768829228407756,-0.35287682825777533,1.0594572026941584,1
0.29526413068696067,-0.25512723573211216,0.4485421368388632,-0.3310699834984788,-0.37650030085996095,0.1582131015240206,0.1289155013246058,-0.35287682825777533,0.5451109200794807,1
-0.0942056681067664,0.027187569635123626,0.12888320720433272,-0.511755953523435,0.24467077052352013,0.08136878984417412,0.051441135708541176,-0.35287682825777533,-0.58645090167281,1
0.001511485834035643,-0.3287745762626937,0.10803588570642837,-0.3310699834984788,0.2576118345106641,0.08136878984417412,0.07961363229620139,-0.35287682825777533,-0.58645090167281,1
-0.19322341356286454,-0.24285267897701304,0.08718856420852435,-0.310993764606817,0.42584566634370136,0.0198933405002968,0.044398011561626434,-0.35287682825777533,0.33937240703360966,1
-0.22292873719965,-1.175718992364401,0.01769749254884374,-0.310993764606817,1.3576022734189137,0.09673765218014345,0.07257050814928664,-0.35287682825777533,1.8824112548776422,1
-2.0514564366210704,-0.512892927589152,0.5458296371624161,-0.6522894857650671,0.42584566634370136,0.18895082619595926,-0.4274913062816711,-0.35287682825777533,2.602496050538191,1
-0.0413962038635678,-0.6601876086503193,0.5527787443283839,-0.310993764606817,0.38702247438223264,0.1582131015240206,-0.37114631310635193,-0.35287682825777533,-0.58645090167281,1
-0.27243760992769905,0.08856035341061043,0.7334555306435535,-0.5519083913067585,0.4387867303308453,0.14284423918805128,-0.6528712789829477,-0.35287682825777533,-0.58645090167281,1
-0.27243760992769905,-0.021910657385264067,0.677862673315809,-0.511755953523435,0.17996545058774507,0.11210651451611262,-0.4838362994569903,-0.35287682825777533,0.5451109200794807,1
0.22595170886772128,0.2358550344717757,0.6500662446519367,-0.6723657046567288,-0.014150509219598512,-0.5487545659305679,-0.13872321625816053,-0.35287682825777533,-0.58645090167281,1
0.4635942979622249,0.4936207263288176,0.6222698159880645,-0.25076510793183165,-1.2047283960379296,-0.5794922906025066,-0.20211133358039446,1.0380946736253827,-0.58645090167281,1
1.1072096434264231,0.12538402367590118,0.81684481663517,-1.1341187391649499,-1.1141409481278297,-0.41043480490684403,0.4106404672012004,-0.35287682825777533,0.5451109200794807,1
1.2887421767625054,0.9355047695123155,0.7820992808053298,-1.3348809280815674,-1.683547763562698,-0.7639186386341383,0.516287329404924,-0.35287682825777533,-0.58645090167281,1
1.1072096434264231,0.08856035341061043,0.7334555306435535,-1.0939663013816263,-0.8294375404104047,-0.48727911658669065,0.45994233622960484,-0.35287682825777533,0.1336338939877387,1
0.8662664628167699,0.34632604526765015,0.6292189231540324,-0.6522894857650671,-0.8941428603461982,-0.6255988776104144,0.3120367291443928,-0.35287682825777533,-0.58645090167281,1
1.0411978131224064,-0.4392455870585682,0.6709135661498408,-1.1541949580566115,-0.5576751966801421,-0.47191025425072136,0.6289773157555623,-0.35287682825777533,1.1623264592170939,1
1.0411978131224064,-0.4392455870585682,0.6709135661498408,-1.1541949580566115,-0.428264556808592,-0.47191025425072136,0.6289773157555623,-0.35287682825777533,1.1623264592170939,1
1.0411978131224064,-0.3533236897728897,0.6222698159880645,-1.0939663013816263,-0.5835573246544484,-0.41043480490684403,0.6078479433148181,-0.35287682825777533,1.0594572026941584,1
1.5296853573721585,-0.12010711142604164,0.6222698159880645,-1.2545760525149205,-0.8553196683847295,-0.5794922906025066,0.854357288456839,-0.35287682825777533,-0.27784313210400347,1
-0.8665440826638482,1.7824491856140208,0.6848117804817769,0.5924360855179628,-1.010612436230586,-0.5180168412586293,-1.1247605968262446,-0.35287682825777533,0.6479801766024161,2
0.03781799250126674,0.28495326149216554,0.8237939238011381,-0.3511462023901406,-0.8941428603461982,0.0659999275082048,-0.44862067872241534,-0.35287682825777533,2.7053653070611268,2
-0.8038328438750544,-0.39014736003818046,0.6292189231540324,0.15075926990140376,0.5811384341895578,0.26579513787580594,-0.7937337619212451,-0.35287682825777533,-0.58645090167281,2
-0.6784103662973936,-0.08328344116075086,0.6153207088220963,0.2511403643597127,0.2834939624849888,0.17358196385998995,-0.751475017039756,-0.35287682825777533,-0.58645090167281,2
-0.7939310693294592,-0.47606925732386113,0.6083716016561284,0.19091170768472734,0.5940794981767201,0.3426394495556524,-0.7444318928928406,-0.35287682825777533,-0.58645090167281,2
-0.8137346184206495,-0.47606925732386113,0.6222698159880645,0.13068305100974198,0.6070205621638826,0.2965328625477444,-0.7021731480113516,-0.35287682825777533,-0.58645090167281,2
-0.6322020850845674,0.03946212639022055,0.6431171374859685,0.19091170768472734,-0.33767710889849223,0.2504262755398366,-0.6528712789829477,-0.35287682825777533,-0.58645090167281,2
-0.6916127323582116,-0.500618370834055,0.6222698159880645,0.19091170768472734,0.23172970653635774,0.17358196385998995,-0.6458281548360331,-0.35287682825777533,-0.58645090167281,2
-0.7378210135710379,0.628640850634886,0.5805751729922561,-0.39129864017346416,0.2964350264721328,-0.19527073220327365,-0.7162593963051811,-0.35287682825777533,0.8537186896482875,2
-0.8137346184206495,-0.7215603924258039,0.5805751729922561,0.913655587784551,0.2705528984978265,0.2965328625477444,-0.6951300238644368,-0.35287682825777533,-0.58645090167281,2
-0.8071334353902773,-0.6724621654054163,0.5805751729922561,1.3553324034011105,0.011731618754707834,0.2965328625477444,-0.6951300238644368,-0.35287682825777533,-0.58645090167281,2
-0.8038328438750544,-0.19375445195662536,0.5319314228304799,-0.029926700123552367,0.6717258820996576,0.17358196385998995,-0.7726043894805003,-0.35287682825777533,-0.58645090167281,2
-0.6289014935694178,0.0026384561249297805,0.6014224944901602,-0.39129864017346416,0.2058475785620514,0.28116400021177523,-0.6035694099545433,-0.35287682825777533,-0.58645090167281,2
-0.8005322523598316,-0.39014736003818046,0.5805751729922561,0.21098792657638915,0.2834939624849888,0.28116400021177523,-0.6387850306891171,-0.35287682825777533,0.33937240703360966,2
-1.4111416826720948,1.0337012235530931,0.2817635648556297,1.2750275278344632,-0.4800288127572047,0.9266562183224867,-1.3219680729398617,-0.35287682825777533,-0.58645090167281,2
-0.6982139153885839,-0.058734327650557014,0.6222698159880645,0.09053061322641838,0.08937800267764527,-0.0723198335155191,-0.5260950443384788,-0.35287682825777533,-0.58645090167281,2
-0.883047040239889,-0.20602900871172228,0.5597278514943521,0.0503781754430948,0.7752543939969013,-0.17990186986730433,-0.6528712789829477,-0.35287682825777533,-0.58645090167281,2
-0.6322020850845674,-0.009636100630167142,0.5597278514943521,0.15075926990140376,-0.0012094452324361439,0.26579513787580594,-0.6176556582483729,-0.35287682825777533,0.44224166355654526,2
-0.7213180559949971,-0.48834381407895805,0.5666769586603201,0.0704543943347566,0.3093760904592952,0.1582131015240206,-0.5894831616607139,-0.35287682825777533,-0.58645090167281,2
-0.6487050426606081,-1.0529734248134275,0.5527787443283839,0.853426931109566,0.749372266022595,0.20431968853192858,-0.6176556582483729,-0.35287682825777533,0.33937240703360966,2
0.014713851894853615,-0.5865402681197356,0.7334555306435535,-0.6723657046567288,-0.4800288127572047,0.21968855086789793,0.002139266680137999,-0.35287682825777533,1.6766727418317715,2
-0.7642257456926738,-0.6233639383850264,0.5249823156645117,0.010225737659771217,0.5293741782409451,-0.08768869585148843,-0.4838362994569903,-0.35287682825777533,-0.58645090167281,2
-0.8203358014510952,-0.3533236897728897,0.5041349941666077,0.27121658325137454,0.7881954579840638,-0.6563366022823531,-0.3993188096940109,-0.35287682825777533,1.3680649722629648,2
-0.8137346184206495,-0.20602900871172228,0.4554912440048311,0.0503781754430948,0.5811384341895578,-0.16453300753133498,-0.519051920191564,-0.35287682825777533,-0.58645090167281,2
-0.6850115493278393,-0.8565805167318723,0.4485421368388632,0.09053061322641838,0.8140775859583701,0.26579513787580594,-0.5049656718977344,-0.35287682825777533,-0.58645090167281,2
0.07742509068364736,-0.058734327650557014,0.5180332084985437,-0.029926700123552367,-0.5059109407315111,0.0198933405002968,-0.25141320260879885,-0.35287682825777533,-0.58645090167281,2
0.014713851894853615,-0.47606925732386113,0.6500662446519367,-0.7727467991150377,-0.4023824288342673,0.21968855086789793,0.12187237717769107,-0.35287682825777533,0.9565879461712228,2
-0.3087441165948569,-1.4825829112418307,0.3929492795111187,-0.5719846101984203,1.16348631361157,0.18895082619595926,-0.040119478201351685,-0.35287682825777533,1.8824112548776422,2
-0.4869760584157163,-0.9056787437522622,0.1358323143703006,0.5322074288429773,0.7234901380482703,0.35800831189162174,-0.2936719474902886,-0.35287682825777533,-0.58645090167281,2
-0.08430389356117124,-0.5497165978544427,0.1914251716980451,-0.029926700123552367,0.3481992824207639,0.1582131015240206,-0.11759384381741632,-0.0706507264264099,-0.58645090167281,2
-0.5991961699325591,-0.8074822897114846,0.11498499287239658,-0.009850481231890576,0.8011365219712078,0.11210651451611262,-0.11759384381741632,-0.1311277482474168,1.6766727418317715,2
-0.35165180629246034,-1.2984645599153724,0.024646599714811954,0.37159767770968305,0.2834939624849888,0.31190172488371376,0.1923036186468397,-0.35287682825777533,-0.58645090167281,2
-0.05459856992438577,-0.9670515275277489,0.052443028378683886,-1.2344998336232589,1.4999539772776262,-0.22600845687521232,0.3261229774382223,-0.35287682825777533,1.4709342287859004,2
2.932436751332694,0.4813461695737207,0.3234582078514381,-1.5757955547815088,-2.6929507545608478,-0.6409677399463838,1.8896965380533282,-0.35287682825777533,-0.58645090167281,2
1.892750424044323,0.5181698398390114,0.14973052870223674,-0.5519083913067585,-1.9423690433057983,-0.6409677399463838,1.2910309855655615,-0.35287682825777533,-0.58645090167281,2
2.1072888725324135,-2.4031746678741195,-1.865510549428499,0.8735031500012274,-0.5964983886416109,0.48095921057937635,3.01659640155971,-0.35287682825777533,2.9111038201069976,2
4.252673357413172,-3.2869427542411156,-1.865510549428499,1.315179965617787,-3.676471617584673,0.12747537685208193,3.0588551464412,5.997210462947946,2.2938882809693846,2
5.137231883487097,-1.359837343690857,-1.865510549428499,-0.8932041124650085,-3.223534378034229,-0.5794922906025066,5.094318024899604,-0.35287682825777533,1.8824112548776422,2
1.2722392191864644,1.2546432451448422,-1.865510549428499,-0.8932041124650085,0.024672682741870202,-0.6102300152744452,1.805179048290349,-0.35287682825777533,0.23650315051067416,2
-0.06119975295475811,0.38314971553294314,-1.865510549428499,-1.7765577436981266,2.328182072455595,-0.7639186386341383,1.43189346850386,-0.35287682825777533,-0.58645090167281,2
2.7311006689054214,-2.673214916486256,-1.865510549428499,-1.3549571469732293,0.7234901380482703,-0.7639186386341383,4.030806278715454,-0.35287682825777533,-0.58645090167281,2
2.97864503254552,-2.9309806083432983,-1.865510549428499,-1.395109584756553,0.5552563062152515,-0.7639186386341383,4.228013754829072,-0.35287682825777533,-0.58645090167281,2
3.1040675101231807,-0.942502414017553,-1.865510549428499,-1.5557193358898471,-0.8164964764232607,-0.6717054646183225,3.8335988026018377,-0.35287682825777533,-0.58645090167281,2
0.18304401917011784,0.06401123990041657,0.7959974951372659,-0.3712224212818024,-0.13062008510400466,0.11210651451611262,-0.5260950443384788,-0.35287682825777533,0.8537186896482875,2
0.034517400986043924,-0.37787280328308354,0.8932849954608187,-0.511755953523435,-0.2729717889627172,0.1582131015240206,-0.37114631310635193,-0.35287682825777533,-0.58645090167281,2
0.031216809470821113,0.0026384561249297805,0.8376921381330742,-0.23068888904016985,-0.35061817288565456,0.0198933405002968,-0.47679317531007553,-0.35287682825777533,-0.58645090167281,2
-0.0248932462876003,-0.20602900871172228,0.8446412452990422,-0.07007913790687595,-0.41532349282142966,0.08136878984417412,-0.45566380286933006,-0.35287682825777533,0.44224166355654526,2
-0.42426481962692253,0.38314971553294314,0.6917608876477451,0.7329696177595953,-0.7647322204746297,0.21968855086789793,-0.7585181411866707,-0.35287682825777533,-0.58645090167281,2
-0.5397855226589882,-0.13238166818113856,0.6639644589838729,0.17083548879306557,-0.156502213078311,0.23505741320386725,-0.6528712789829477,-0.35287682825777533,2.3967575374923196,2
-0.6090979444781542,0.18675680745138798,0.6153207088220963,0.0503781754430948,-0.2600307249755548,0.21968855086789793,-0.7021731480113516,-0.35287682825777533,-0.58645090167281,2
0.02461562644044877,-0.19375445195662536,0.7473537449754893,-0.25076510793183165,-0.32473604491132985,0.12747537685208193,-0.3781894372532667,-0.35287682825777533,-0.58645090167281,2
-0.5727914378109964,-0.5865402681197356,0.5944733873241923,0.3515214588180217,0.3999635383693766,0.21968855086789793,-0.6528712789829477,-0.35287682825777533,1.573803485308836,2
-0.4935772414461619,-0.2183035654668192,0.5944733873241923,0.0704543943347566,0.24467077052352013,0.09673765218014345,-0.6035694099545433,-0.35287682825777533,-0.58645090167281,2
-0.42756541114214536,0.08856035341061043,0.5527787443283839,0.5322074288429773,-0.16944327706547338,0.18895082619595926,-0.6810437755706067,-0.35287682825777533,-0.58645090167281,2
1.1237126010024638,-0.25512723573211216,0.6917608876477451,-0.5920608290900821,0.12820119463911397,0.0659999275082048,-0.30775819578411806,-0.35287682825777533,-0.58645090167281,2
0.11703218886610128,-0.5865402681197356,0.677862673315809,0.23106414546805093,-0.18238434105261736,0.12747537685208193,-0.2866288233433726,-0.35287682825777533,0.6479801766024161,2
-0.5595890717501785,-0.5742657113646387,0.6431171374859685,-0.3712224212818024,0.12820119463911397,0.09673765218014345,-0.25141320260879885,-0.35287682825777533,-0.58645090167281,2
0.8068558155431257,0.45679705606352466,-0.2811141155877827,-0.029926700123552367,-0.8553196683847295,-0.01084438417164186,0.6289773157555623,-0.35287682825777533,1.1623264592170939,2
0.7639481258455223,0.17448225069629106,-0.41314715174117567,0.4519025532763302,-0.6094394526287549,0.05063106517223546,0.4317698396419459,0.19141636813128654,1.1623264592170939,2
0.6055197331158532,0.7022881911654697,-0.9273810820228116,0.37159767770968305,-1.1529641400892985,-0.16453300753133498,1.1290391301865201,-0.35287682825777533,1.2651957157400293,2
1.1237126010024638,0.4199733857982339,-1.1636507256657254,-0.17046023236518446,-0.5964983886416109,-0.2567461815471509,1.5375403307075837,-0.35287682825777533,-0.58645090167281,2
2.56607109314538,0.3586006020227471,-1.865510549428499,-0.17046023236518446,-1.8258994674214106,-0.47191025425072136,3.1574588844980074,-0.35287682825777533,0.44224166355654526,2
-0.0777027105307989,0.027187569635123626,0.9002341026267866,-0.5318321724150967,-0.2082664690269421,0.12747537685208193,-0.5683537892199684,-0.35287682825777533,-0.58645090167281,2
-0.12061040022840233,0.3708751587778462,0.8654885667969465,0.19091170768472734,-1.0882588201535235,0.0659999275082048,-0.5260950443384788,-0.35287682825777533,0.9565879461712228,2
-0.08430389356117124,-0.09555799791584779,0.809895709469202,-0.39129864017346416,0.1670243866005827,0.03526220283626613,-0.5894831616607139,-0.35287682825777533,-0.58645090167281,2
-0.15691690689563342,-0.2674017924872091,0.8446412452990422,-0.2909175457151552,-0.41532349282142966,0.08136878984417412,-0.3641031889594372,-0.35287682825777533,2.2938882809693846,2
-0.10080685113721202,-0.500618370834055,0.7751501736393616,-0.7325943613317142,0.5423152422280891,0.09673765218014345,-0.4063619338409256,-0.35287682825777533,0.6479801766024161,2
-0.4143630450813274,-0.6356384951401233,0.6500662446519367,0.2511403643597127,0.3999635383693766,0.17358196385998995,-0.5965262858076286,-0.35287682825777533,-0.58645090167281,2
-0.5364849311437654,-0.7583840626910969,0.5805751729922561,0.19091170768472734,0.9176060978556139,0.2504262755398366,-0.7444318928928406,-0.35287682825777533,-0.58645090167281,2
-0.5364849311437654,-0.6601876086503193,0.6083716016561284,0.39167389660134483,0.6329026901381889,0.23505741320386725,-0.6810437755706067,-0.35287682825777533,-0.58645090167281,2
-0.48367546690056673,-0.09555799791584779,0.5944733873241923,0.3314452399263599,-0.14356114909114864,0.28116400021177523,-0.5965262858076286,-0.35287682825777533,-0.58645090167281,2
0.0477197670468619,-0.25512723573211216,0.6570153518179047,-0.752670580223376,0.23172970653635774,0.11210651451611262,-0.3852325614001814,-0.17144576279475474,1.1623264592170939,2
-0.576092029326146,-0.6847367221605132,0.573626065826288,-0.009850481231890576,0.4646688583051701,0.28116400021177523,-0.5120087960446492,-0.2319227846157616,1.9852805114005778,2
-0.4209642281116997,-0.500618370834055,0.5458296371624161,0.6928171799762717,0.08937800267764527,0.2504262755398366,-0.5472244167792242,-0.35287682825777533,-0.58645090167281,2
-0.5826932123565916,-0.512892927589152,0.34430552934934244,-0.4314510779567878,0.412904602356539,0.12747537685208193,-0.1035075955235856,-0.35287682825777533,1.8824112548776422,2
0.008112668864407984,-0.6847367221605132,0.6848117804817769,-0.411374859065126,-0.10473795712969831,0.18895082619595926,-0.19506820943347972,-0.35287682825777533,3.0139730766299326,2
-0.22292873719965,0.29722781824726247,0.677862673315809,-0.6723657046567288,0.15408332261342034,-0.5948611529384759,-0.25141320260879885,-0.35287682825777533,-0.58645090167281,3
-0.7477227881166331,-0.09555799791584779,0.5875242801582241,-0.21061267014850804,0.024672682741870202,0.09673765218014345,-0.4415775545755006,-0.35287682825777533,-0.58645090167281,3
-0.5496872972045833,-0.20602900871172228,0.6153207088220963,-0.13030779458186134,0.06349587470333892,0.09673765218014345,-0.3641031889594372,-0.35287682825777533,0.44224166355654526,3
-0.638803268115013,-1.5316811382622184,0.5805751729922561,-0.19053645125684626,0.3093760904592952,0.11210651451611262,-0.3007150716372033,-0.35287682825777533,-0.58645090167281,3
-0.5661902547805509,-0.3287745762626937,0.5319314228304799,0.6325885233012863,-0.22120753301408608,0.1582131015240206,-0.4063619338409256,-0.35287682825777533,1.1623264592170939,3
0.9586830252423492,1.1196231208387737,0.8446412452990422,-1.2344998336232589,-1.4894318037553544,-0.7639186386341383,0.3754248464666267,-0.35287682825777533,-0.58645090167281,3
-0.18992282204764172,0.28495326149216554,0.6709135661498408,-1.5958717736731707,0.4517277943180077,-0.6717054646183225,-0.01899010576060747,-0.35287682825777533,-0.58645090167281,3
-0.7477227881166331,0.014913012880026704,0.4971858870006394,-0.45152729684844956,0.05055481071617655,0.14284423918805128,-0.44862067872241534,-0.35287682825777533,-0.58645090167281,3
-0.47047310083974875,-0.6724621654054163,0.6222698159880645,-0.27084132682349343,-0.05297370118106723,0.17358196385998995,-0.11759384381741632,-0.35287682825777533,-0.58645090167281,3
-0.6289014935694178,-0.4515201438136673,0.4971858870006394,-0.3712224212818024,0.4646688583051701,0.03526220283626613,-0.26549945090262833,-0.35287682825777533,-0.58645090167281,3
-0.5991961699325591,0.0026384561249297805,0.4902367798346715,-0.3310699834984788,-0.014150509219598512,0.03526220283626613,-0.21619758187422392,-0.35287682825777533,-0.58645090167281,3
0.9388794761511589,0.7636609749409543,0.7473537449754893,-1.7364053059148032,-1.1141409481278297,-0.5948611529384759,0.48811483281726503,-0.35287682825777533,-0.58645090167281,3
-0.19982459659323687,0.14993313718609505,0.5041349941666077,0.15075926990140376,-0.7906143484489361,0.12747537685208193,-0.11759384381741632,-0.35287682825777533,-0.58645090167281,3
-0.13381276628922031,0.11310946692080427,0.4693894583367672,0.37159767770968305,-0.9200249883205045,0.11210651451611262,-0.1035075955235856,-0.35287682825777533,0.33937240703360966,3
-0.014991471742005142,-0.09555799791584779,0.4554912440048311,0.19091170768472734,-0.6612037085773859,0.09673765218014345,0.023268639120882218,-0.35287682825777533,-0.58645090167281,3
0.3216688628085233,0.28495326149216554,0.5944733873241923,-1.395109584756553,-0.0012094452324361439,-0.5180168412586293,-0.04716260234826643,-0.050491719152740984,1.8824112548776422,3
1.2359327125193067,0.9600538830225094,0.7612519593074254,-1.0738900824899644,-1.6706066995755358,-0.41043480490684403,0.1289155013246058,-0.35287682825777533,3.219711589675804,3
-1.064579573575971,0.7391118614307605,-0.0031498289490602856,4.125850610450435,-3.572943105687429,1.8180502338087068,-2.174186094716563,4.082104771949395,-0.58645090167281,5
0.25895762401972955,-0.8320314032216785,-0.5799257237244089,0.8333507122179042,0.05055481071617655,0.1582131015240206,0.7980122952815198,-0.35287682825777533,-0.58645090167281,5
1.1039090519112003,-2.268154543568049,-0.5590784022265048,0.23106414546805093,0.2705528984978265,-0.041582108843580524,1.7277046826742855,-0.35287682825777533,-0.58645090167281,5
1.0378972216071838,-2.918706051588201,-0.6772132240479617,0.23106414546805093,1.0211346097528577,0.12747537685208193,1.8756102897594975,-0.35287682825777533,-0.58645090167281,5
0.437189565840589,-0.942502414017553,-1.865510549428499,0.4117501154930066,1.4223075933546887,-0.17990186986730433,1.8122221724372636,-0.35287682825777533,-0.58645090167281,5
-0.5628896632654012,-0.6724621654054163,-1.865510549428499,0.7731220555429189,1.5905414251877077,0.7268610079548853,0.854357288456839,-0.35287682825777533,-0.58645090167281,5
0.5197043537206463,-0.1692053384464315,-1.865510549428499,0.6325885233012863,0.4905509862794764,-0.041582108843580524,1.6643165653520515,-0.35287682825777533,-0.58645090167281,5
1.7574261719210669,0.03946212639022055,-1.865510549428499,0.27121658325137454,-0.5576751966801421,-0.27211504388312024,2.3122839868682212,-0.35287682825777533,-0.58645090167281,5
-1.7180966935857644,-0.47606925732386113,-1.865510549428499,3.2023445414339937,-2.809420330445236,8.780144872002806,-1.4064855627028405,-0.35287682825777533,-0.58645090167281,5
-1.701593736009797,-0.500618370834055,-1.865510549428499,3.16219210365067,-2.524716922727811,8.780144872002806,-1.4276149351435854,-0.35287682825777533,-0.58645090167281,5
0.6814333379654649,-0.03418521414036099,-1.865510549428499,-0.09015535679853774,-0.5188520047186734,-0.2567461815471509,2.495405214688008,-0.35287682825777533,-0.58645090167281,5
0.730942210693514,-0.6847367221605132,-0.7467042957076421,1.4557134978594188,-0.6094394526287549,0.40411489889952973,0.5233304535518387,0.13093934631027962,4.659881180996901,5
0.9322782931207865,-0.5374420410993458,-1.636190012951553,0.13068305100974198,0.9564292898170826,-0.5641234282665373,1.6291009446174767,-0.35287682825777533,2.2938882809693846,5
0.22595170886772128,0.7268373046756635,-0.20467393676213388,0.23106414546805093,-0.36355923687279856,-0.7639186386341383,0.4317698396419459,-0.35287682825777533,-0.58645090167281,6
0.3315706373541918,0.4690716128186216,-0.19077572243019775,-0.511755953523435,0.14114225862627636,-0.7639186386341383,0.5726323225802431,-0.35287682825777533,-0.58645090167281,6
-0.0248932462876003,1.291466915410135,-0.30891054425165465,0.3515214588180217,-0.35061817288565456,-0.7639186386341383,0.21343299108758393,-0.35287682825777533,-0.58645090167281,6
0.051020358562084714,0.8373083154715381,-0.34365608008149506,0.4318263343846684,0.024672682741870202,-0.7639186386341383,0.25569173596907363,-0.35287682825777533,-0.58645090167281,6
-1.774206749344186,1.2178195748795513,-0.6563659025500574,0.19091170768472734,2.457592712327145,-0.7639186386341383,-0.9627687414472026,-0.35287682825777533,-0.58645090167281,6
0.16984165310929988,1.942018423430285,-1.3234801904829907,0.5924360855179628,-0.19532540503977971,-0.7639186386341383,0.699408557224711,-0.35287682825777533,-0.58645090167281,6
0.2622582155349524,0.9109556560021217,-1.865510549428499,1.2951037467261246,0.1152601306519516,-0.7639186386341383,1.3544191028877968,-0.35287682825777533,-0.58645090167281,6
0.437189565840589,1.4142124829611065,-1.865510549428499,-1.7765577436981266,1.0728988657014886,-0.7639186386341383,1.593885323882903,-0.35287682825777533,-0.58645090167281,6
-2.381515588141226,4.875637487898511,-1.865510549428499,-2.2182345593146855,3.5705242152225387,-0.7639186386341383,-1.6248224112572018,-0.35287682825777533,-0.58645090167281,6
-2.328706123898028,0.34632604526765015,0.35820374368127855,0.7329696177595953,0.2058475785620514,1.9410011324964616,-2.484083557180819,2.0460450373088306,-0.58645090167281,7
0.004812077349258458,1.1196231208387737,0.3998983866770866,1.5560945923177283,-1.8129584034342483,1.4799352624173818,-2.2305310878918827,2.9330413573502647,-0.58645090167281,7
1.5791942301002075,0.03946212639022055,0.4554912440048311,-0.4314510779567878,-0.35061817288565456,0.1582131015240206,-0.08942134722975612,-0.35287682825777533,-0.58645090167281,7
1.3547540070665218,1.7824491856140208,-0.33670697291552687,1.2348750900511396,-3.0941237381626605,0.40411489889952973,0.5655891984333284,-0.35287682825777533,-0.58645090167281,7
1.7442238058602488,2.923982963838059,-0.5938239380563449,-0.27084132682349343,-2.8741256503810106,-0.28748390621908954,-0.24437007846188413,3.0338363937186092,-0.58645090167281,7
-0.7378210135710379,0.5795426236144983,-0.6285694738861852,0.6928171799762717,0.5811384341895578,-0.7639186386341383,-0.20211133358039446,1.1792077245410655,-0.58645090167281,7
-0.7741275202382689,1.7701746288589237,-1.865510549428499,1.877314094584316,0.8140775859583701,-0.7639186386341383,-0.13872321625816053,0.937299637257038,0.33937240703360966,7
-0.7048150984190296,0.9723284397776063,-1.865510549428499,2.7004390691424494,1.047016737727164,-0.7024431892902612,0.05848425985545591,0.453483462688983,0.33937240703360966,7
-0.3879583129596914,1.6474290613079523,-1.865510549428499,1.114417776701169,0.477609922292314,-0.7639186386341383,-0.3007150716372033,2.852405328255589,0.23650315051067416,7
-0.5067796075069799,1.4142124829611065,-1.865510549428499,1.0742653389178454,0.8270186499455324,-0.7639186386341383,-0.30775819578411806,2.812087313708251,0.1336338939877387,7
-0.9622612366047235,0.8986810992470248,-1.865510549428499,2.47960066133417,0.9564292898170826,-0.6409677399463838,0.07961363229620139,0.8768226154360311,-0.07210461905813238,7
-0.9259547299374924,0.5672680668593991,-1.865510549428499,2.198533596850905,0.749372266022595,-0.5487545659305679,0.3190798532913075,1.2800027609094105,-0.48358164514987445,7
-0.3615535808381288,1.5860562775324656,-1.865510549428499,1.797009219017669,0.8140775859583701,-0.7639186386341383,-0.0049038574667779914,0.977617651804376,-0.58645090167281,7
-1.0084695178175498,1.1932704613693574,-1.865510549428499,2.4394482235508463,0.5811384341895578,-0.7024431892902612,0.08665675644311613,0.937299637257038,-0.58645090167281,7
-0.7510233796318558,1.966567536940479,-1.865510549428499,2.138304940175919,0.5164331142537827,-0.6870743269542918,-0.08942134722975612,0.7155505572466795,-0.58645090167281,7
-1.0843831226671614,2.1384113315118403,-1.865510549428499,1.6163232489927133,1.098780993675795,-0.7639186386341383,-0.43453443042858586,0.9171406299833691,-0.58645090167281,7
-0.6057973529630047,-1.7894468301192603,-1.865510549428499,-0.511755953523435,3.2728797435179695,3.3856741920775777,-0.01899010576060747,-0.35287682825777533,-0.58645090167281,7
-1.064579573575971,1.7701746288589237,-1.865510549428499,1.9576189701509632,1.3834844013932202,-0.7639186386341383,-0.3993188096940109,0.7760275790676865,-0.58645090167281,7
-0.5892943953869639,1.7088018450834392,-1.865510549428499,1.094341557809507,0.5940794981767201,-0.7639186386341383,-0.47679317531007553,3.094313415539616,-0.58645090167281,7
-0.7246186475102199,1.8929201964098952,-1.865510549428499,1.6564756867760368,0.8399597139326764,-0.7639186386341383,-0.17393883699273424,0.9977766590780449,-0.58645090167281,7
-0.34505062326208796,1.8929201964098952,-1.865510549428499,0.7128933988679335,0.4387867303308453,-0.7639186386341383,-0.24437007846188413,2.7717692991609133,-0.58645090167281,7
-0.6322020850845674,1.8806456396547984,-1.865510549428499,0.853426931109566,0.5940794981767201,-0.7639186386341383,-0.20211133358039446,2.4290661755085408,-0.58645090167281,7
-0.01829206325715467,1.2055450181244545,-1.865510549428499,0.7530458366512571,0.2705528984978265,1.4030909507375353,-1.7515986459016704,5.452917266558884,-0.58645090167281,7
-0.6487050426606081,1.1809959046142584,-1.865510549428499,2.6000579746841406,0.2576118345106641,-0.7639186386341383,0.34725234987896647,0.7357095645203485,-0.58645090167281,7
-0.7048150984190296,0.8986810992470248,-1.865510549428499,2.881125039167405,-0.05297370118106723,-0.6409677399463838,0.15708799791226477,1.7839779427511342,-0.58645090167281,7
-0.5001784244765343,1.8560965261446045,-1.865510549428499,1.094341557809507,0.5293741782409451,-0.7639186386341383,-0.3922756855470962,2.852405328255589,-0.58645090167281,7
0.7540463512999271,1.1687213478591614,-1.865510549428499,1.1545702144844925,0.9952524817785513,-0.7639186386341383,-0.3641031889594372,2.9532003646239335,-0.58645090167281,7
-0.612398535993377,1.1932704613693574,-1.865510549428499,0.9939604633511981,1.2411326975345076,-0.7639186386341383,-0.335930692371777,2.812087313708251,-0.58645090167281,7
-0.4143630450813274,1.0091521100428993,-1.865510549428499,1.2750275278344632,0.9176060978556139,-0.7639186386341383,-0.2373269543149694,3.0136773864449404,-0.58645090167281,7
-0.14905747639860278,-0.8443882925360829,0.569512535549185,-0.19859387137841789,0.3947697521326731,0.1765114133253029,-0.1752813225857007,-0.35287682825777533,-0.58645090167281,1
-0.26007871870711735,-0.0563817312106122,0.585706501868343,-0.4804333097564166,0.21832734756168232,0.09771954047528322,-0.4014219004168186,-0.35287682825777533,0.5130118769874155,1
-0.23549706413917684,-0.8976768761754911,0.6072875790170082,-0.23141372312793684,0.4886380489278084,0.15679975570250132,-0.20670279442699233,-0.35287682825777533,0.933953891291473,1
-0.31626233421495864,-0.16136288191133563,0.6452226937054166,-0.42186975287229045,0.5379680401567536,0.07690539464722966,-0.6099715391048197,-0.35287682825777533,-0.58645090167281,1
-0.2835627721384326,-0.22971165102604205,0.4958165176609087,-0.2629290129243487,0.13767861250520586,0.13667407800948975,-0.2603414027939651,-0.35287682825777533,-0.58645090167281,1
-0.19107376953196284,-0.7854838914767815,0.5777257951010151,-0.19053645125684626,0.4309355153086598,0.2074277339230912,-0.22035277786717908,-0.35287682825777533,-0.58645090167281,1
-0.21355839437583415,0.14486789093626382,0.50365705512959,0.13418987444693198,-0.7639129053183945,0.12430430217033775,-0.12098468054562231,-0.35287682825777533,-0.58645090167281,3
-0.48483932379177996,-0.6524272317235754,0.6109272556010786,-0.27994384410786466,-0.006034082019945042,0.1610391835457997,-0.131005864798197,-0.35287682825777533,-0.58645090167281,3
-0.6131672404170667,-0.268422794409278,0.5463177414268459,0.41438493397523624,-0.15757865530495152,0.1423044858739593,-0.4154750315266521,-0.35287682825777533,0.7097778859434785,3
-0.13744753584272795,0.06708534970054339,0.4877188124815557,0.16430982288213866,-0.7469411413247958,0.11710207974563988,-0.07005589485517313,-0.35287682825777533,-0.58645090167281,3
-0.5651197611985943,-0.14098504870264014,0.5763306627159347,-0.19288759252712578,0.03929263681626856,0.07757507371208339,-0.3179993730152478,-0.35287682825777533,0.12158679708372638,3
-0.4800167466141921,0.14451396375808642,0.580563355830902,-1.0007348060651808,0.24309055458620504,-0.24808421200876973,-0.242427227678344,-0.35287682825777533,-0.58645090167281,3
-0.4181651410153428,0.0694056209573661,0.49653669752682206,-0.1126617358206099,-0.36611358600390953,0.07706148672676483,-0.17150152099474517,-0.35287682825777533,-0.58645090167281,3
-0.19602411252218796,0.28722226799794615,0.6721981395713944,-1.4251575621106165,0.3967068875608731,-0.6575004512225106,-0.06195455078003673,-0.35287682825777533,-0.58645090167281,3
-0.6037136623114989,0.0030117913376611054,0.4904481395158284,-0.3347337375224994,-0.012182472828138578,0.038534350517752475,-0.22326681688097572,-0.35287682825777533,-0.58645090167281,3
-0.6311280776552006,-0.6944128969507638,0.5159374003035069,-0.3305920773440322,0.4297486120472303,0.05254196624447174,-0.273418288110798,-0.35287682825777533,-0.58645090167281,3
-0.6295005614098191,-0.5168710272588828,0.5022310270653387,-0.36029072885079133,0.455273481483068,0.03991136502766819,-0.2676300332305442,-0.35287682825777533,-0.58645090167281,3
-0.6413982439425652,-0.40246413287579585,0.4971858870006394,-0.37966829781872463,0.4211153866951049,0.046576890645772376,-0.2847587956253775,-0.35287682825777533,-0.58645090167281,3
0.24423437000616566,0.4847806004370084,0.7058050347026068,-1.100216050868445,-0.35586968352393233,-0.5948611529384759,0.04595103610581808,-0.35287682825777533,-0.58645090167281,3
-0.19466737185321137,0.1470562597773627,0.5014204726003697,0.16801243944770247,-0.8007246536850503,0.1262746727252599,-0.11649334489380647,-0.35287682825777533,-0.5141202474466919,3
-0.7372079944651019,-0.026362824195773304,0.4971858870006394,-0.4444209174825889,0.08720079892217425,0.13332403561544126,-0.4324158230938228,-0.35287682825777533,-0.58645090167281,3
-0.32577937747889896,0.24189895458808774,0.6424531195610698,-0.6290851613623758,0.13379350850980398,-0.45028353856748116,-0.29006248826800063,-0.35287682825777533,-0.58645090167281,3
-0.7477227881166331,0.009916708558522518,0.5012716476076913,-0.4406313814239169,0.04938423223666308,0.14075896325676576,-0.44830213731179,-0.35287682825777533,-0.58645090167281,3
-0.2121909119061029,0.2932345326381543,0.6756019179829952,-0.97281023955173,0.25091609704293083,-0.6198609382745557,-0.1757989196341545,-0.35287682825777533,-0.58645090167281,3
-0.7015396493946258,-0.16637896228498777,0.4971858870006394,-0.420314615464354,0.2115115363554077,0.1010295448795641,-0.37744561620881034,-0.35287682825777533,-0.58645090167281,3
-0.04723351497151288,-0.038936283369708787,0.45926251100718807,0.23994067070612626,-0.7314346122381618,0.10090797809447498,-0.011131969401834366,-0.35287682825777533,-0.3352296432616183,3
-0.6042835776500556,-0.07514187694062674,0.4914269012370854,-0.337946590006873,0.06785328832899112,0.03526220283626613,-0.2246411427674938,-0.35287682825777533,-0.58645090167281,3
-0.17627465653114627,0.13679617031788477,0.4917394086715608,0.22954410654872293,-0.8367820247326642,0.12199248408622908,-0.11256852787796032,-0.35287682825777533,-0.25616035636132894,3
-0.21365623660963726,0.2937794716636394,0.6759104293013726,-0.9318104293491833,0.23770192633290804,-0.6164493719625178,-0.1861175338557296,-0.35287682825777533,-0.58645090167281,3
-0.49263867881908724,0.13840347627527816,0.5766322351393963,-0.9748405083166195,0.2340127874483857,-0.22965253082489195,-0.2521489349120147,-0.35287682825777533,-0.58645090167281,3
-0.603382369643708,-0.061363492587040304,0.49121607737630213,-0.3367284346739411,0.053326739051735544,0.03526220283626613,-0.22314540955685908,-0.35287682825777533,-0.58645090167281,3
-0.7261781782054918,-0.3796274910853499,0.5861497257797319,-0.20664153343669456,0.08098787637799049,0.09977765955257367,-0.4137145301518228,-0.35287682825777533,-0.58645090167281,3
-0.7477227881166331,0.006677327917239349,0.5039206723595335,-0.4335669563560972,0.04862528141588981,0.1394069634487344,-0.4480956092837463,-0.35287682825777533,-0.58645090167281,3
-0.13225465512061407,0.11037319722499192,0.4692072101710929,0.3692283311293488,-0.9166310484700977,0.11190498164992313,-0.101845170721145,-0.35287682825777533,0.3272320272898235,3
-0.5928185984333123,-0.501840844913359,0.5256744061044509,-0.3483601019551962,0.3467730577475133,0.06676525191905557,-0.2318131752386179,-0.35287682825777533,-0.58645090167281,3
1.0542541485219723,0.8259008029109637,0.7281104417104812,-1.1377214348049371,-1.3388712864274706,-0.43181304258132314,0.09392602095000632,-0.29278816521618334,2.9539690422305105,3
-0.47200410608537385,-0.6692764330234445,0.6220779470696898,-0.2705087371271369,-0.05254492875482057,0.17315762057061124,-0.11938291981436178,-0.35287682825777533,-0.58645090167281,3
-0.47294240532744625,-0.14713565029339415,0.5883907643137339,-0.037686875674477927,-0.11800166044394989,0.0995738000818975,-0.31601325039582034,-0.35287682825777533,0.4232583179018895,3
-0.7128911982255978,-0.19990568685403665,0.5610422436354715,-0.25769423919969514,0.1536543303433861,0.07871657567131798,-0.38996155157456014,-0.35287682825777533,-0.58645090167281,3
0.9442460960022199,0.8601241649280116,0.7737179602023823,-1.6003925206027918,-1.2158420799026537,-0.6406745197510137,0.45757665428268307,-0.35287682825777533,-0.58645090167281,3
-0.706200914701449,-0.14890154502821182,0.5748085451749115,-0.017747553496739732,-0.03156741376477454,0.11079891039589418,-0.433522697853642,-0.35287682825777533,-0.18645366219299553,3
0.389365211153427,0.3349408518988478,0.6068224486033997,-1.3713249985810254,-0.12481938353611763,-0.5100509668441171,-0.034124960483809544,-0.07288171924599816,1.9814311924316546,3
0.5899333901197968,0.4980530503962467,0.6790484061290537,-0.46217598581978914,-1.1510467713826242,-0.2065940188429288,-0.06296311444531605,-0.35287682825777533,2.482209529989769,3
-0.02875918339274939,-0.07137989501173184,0.45710161702855123,0.21184762110090474,-0.6911930868463115,0.09851842780498339,0.008579196042490564,-0.35287682825777533,-0.47917662560655333,3
-0.6758802804252287,0.05356094255939989,0.5219199200709936,-0.4817593183124916,0.06472750931910708,0.041854898292827736,-0.4216236508507405,-0.35287682825777533,-0.58645090167281,3
-0.08461845609777999,-0.0030810274757168687,0.4738154358089046,0.17578620915930943,-0.7099529390254431,0.10831661064112147,-0.029794522061696,-0.35287682825777533,-0.58645090167281,3
0.6396137820981885,0.5335830914711527,0.6853702467290542,-0.509219682380337,-1.1910033781372762,-0.22227033583227687,-0.04820674471986053,-0.35287682825777533,2.538926913645807,3
-0.562274106305036,-0.199007653511107,0.6135540136723775,-0.13541183999280182,0.061028336669430354,0.09673765218014345,-0.36902733182745046,-0.35287682825777533,0.37685966115906966,3
-0.36338875054869424,0.200975518022088,0.6168873291417485,-1.2400008714277242,0.326970088467911,-0.41839490657581135,-0.1525976188203007,-0.35287682825777533,-0.58645090167281,3
-0.5550537837724029,-0.24594382013200564,0.588203903781904,0.11777336442935385,-0.029084925210548743,0.11672844302087243,-0.3778450280046804,-0.35287682825777533,0.6764012295503938,3
-0.49120856395419965,0.04246602784753423,0.4939947711221604,-0.20078633028316722,-0.2241015340911181,0.06019607536597969,-0.18953574031089124,-0.35287682825777533,-0.58645090167281,3
0.22006783531911145,0.501390026862694,0.6275489408464041,-0.3513175424082856,-1.0438955140113098,-0.19560372413957405,0.061097096958273256,-0.35287682825777533,-0.58645090167281,3
-0.7477227881166331,0.002453290547538997,0.507374906604945,-0.42435519682971506,0.047635636485666,0.1376440036902634,-0.4478263040661904,-0.35287682825777533,-0.58645090167281,3
-0.5452853524561173,-0.5681300452143387,0.563203317822305,-0.31824277783079835,0.19146484130736618,0.1082653082597535,-0.1874370789981924,-0.35287682825777533,-0.58645090167281,3
-0.5144803950837334,-0.2759277873259953,0.5244517637473542,0.6013755199259588,-0.30478207962998005,0.15269901901802116,-0.37014229762072004,-0.35287682825777533,1.0639058899043403,3
0.2589688899368594,0.355975193170345,0.5530825519042372,-0.04290347253292337,-1.1352582066379695,-0.03773493271979422,-0.03685906093259203,-0.35287682825777533,1.1653246822221166,3
-0.5622425005863384,-0.2994120012884967,0.5518793868248361,0.4500923177085212,-0.15310222117835862,0.14350725489797064,-0.39625301023858944,-0.35287682825777533,0.9900714098314444,3
-0.542722424322706,-0.29354358047543855,0.5481626834692961,-0.3046462984554046,-0.031183128796231474,0.09594623602411181,-0.17293787358381796,-0.35287682825777533,-0.58645090167281,3
-0.19748225987308665,0.2877645378405932,0.6725051397608605,-1.384358574357257,0.3835574415925712,-0.6541055952098366,-0.07222262307544294,-0.35287682825777533,-0.58645090167281,3
-0.39202019894252527,0.14554745381335446,0.5816961647021401,-0.9713182194111097,0.2216791395894248,-0.3226079436572416,-0.11637028903564704,-0.35287682825777533,-0.58645090167281,3
-0.6910132850589149,-0.26544704413561393,0.5444087308577267,-0.2872664316455575,0.23466841253570972,0.06739743840932058,-0.3575412562277649,-0.35287682825777533,-0.58645090167281,3
0.7125541601622796,0.5735864687157386,0.6657780678302885,-1.2577750716408693,-0.7149452473992517,-0.47202110787970053,0.02811800940667565,-0.1797737566359685,2.4541620018684775,3
-0.5547211864479058,-0.20322093208675363,0.6146141478788562,-0.13234907439205873,0.06250902306626001,0.09673765218014345,-0.3660725196784503,-0.35287682825777533,0.41609319686027185,3
-0.027811270767895933,-0.07304456736754622,0.4569907421817625,0.21040617482838925,-0.6891283057851042,0.09839582066883482,0.009590570256252583,-0.35287682825777533,-0.48656250375281174,3
-0.5512433207586918,-0.19947076021259105,0.6113894227915243,-0.13661758669619695,0.061055512085121465,0.0948055288675393,-0.35945463617024687,-0.35287682825777533,0.4099106939093889,3
0.9100803954119905,-0.4929075853070353,-1.6564831609962865,0.11114050775362515,0.8258779568332189,-0.5369228466305086,1.7057623770142798,-0.35287682825777533,2.038999859939196,5
-1.5767498770544814,-0.25765249128724477,-1.500519764571957,3.3510526562078473,-2.730151290526931,7.4156936363765436,-1.573930087996278,0.516303560527067,-0.58645090167281,5
0.4291286183147708,-0.9375061096960488,-1.8073670330973763,0.4308179674859388,1.3602669339404623,-0.16460984637121057,1.7663522093072195,-0.35287682825777533,-0.58645090167281,5
0.8290207243963756,-1.8009401273023862,-0.5658606682249461,0.4270062334430516,0.19898084783253667,0.023417333030227132,1.425247550775708,-0.35287682825777533,-0.58645090167281,5
0.418358021525098,-0.42683077683881954,-1.365832923707908,0.7106202267615251,0.3195344652877955,0.036073752015038575,1.3276037696146124,-0.35287682825777533,-0.58645090167281,5
0.8642117574140236,-0.40088378837042216,-1.6984159184904426,0.0707587628724765,0.5561131389506655,-0.48071690997990585,1.8641717695227071,-0.35287682825777533,1.5123110325790103,5
0.4513212539447278,-0.8100656306897139,-1.865510549428499,0.44957145128917464,1.2627326359628408,-0.15621288306087153,1.7868914897574542,-0.35287682825777533,-0.58645090167281,5
1.3158647957568288,-0.034980685862972635,-1.865510549428499,0.4001372250378969,-0.18371701878197527,-0.18987165239532733,2.0811194536532605,-0.35287682825777533,-0.58645090167281,5
0.8691377108689395,-2.3635222516248726,-1.011046950516569,0.28182506986440065,1.1338379452008618,0.04112250075591409,1.8578023800995696,-0.35287682825777533,-0.58645090167281,5
0.7118955296994793,-1.8462280779555273,-1.3220975281594018,0.3291217136822431,1.2388496166224796,-0.03933705099449558,1.8412098067699456,-0.35287682825777533,-0.58645090167281,5
1.5713728514258645,-0.09892046541944392,-1.865510549428499,0.29102116236549236,-0.27864765653111534,-0.2591199738024785,2.241813163230065,-0.35287682825777533,-0.58645090167281,5
0.5614878396089258,-0.27117900266112455,-1.6442072944912516,0.7954051284856393,0.27296955632173925,0.04657810495689685,1.4386260675202607,-0.2571765281681835,0.4512894242462062,5
1.6590016831281713,-0.03374396216788929,-1.865510549428499,0.28169344853858,-0.41006620520817694,-0.26524049240448644,2.2750040567227194,-0.35287682825777533,-0.58645090167281,5
-0.5694683548661845,-0.6539521056984504,-1.8410892952281457,0.8170865976446775,1.522832325172093,0.7411698414543391,0.8146438070652025,-0.2947206333587191,-0.58645090167281,5
0.9264963340981665,-0.017411647107130758,-1.865510549428499,-0.007851007222755502,-0.5276941897604979,-0.2602465203341275,2.453698397199233,-0.35287682825777533,-0.58645090167281,5
-0.7497575132195886,0.5586149900079531,-0.3732301087816043,3.4316846540251063,-2.7654631077921423,1.4485121254355677,-1.4114154225502946,3.2008043806727127,-0.58645090167281,5
1.750135670751423,0.03403960318686443,-1.865510549428499,0.2719926258762064,-0.5467414998108527,-0.2716058319358658,2.3095225869598925,-0.35287682825777533,-0.58645090167281,5
-0.7730244862623147,-0.6407503570263163,-1.865510549428499,1.213997629542064,0.8311175281240586,2.2130025084740224,0.4332453940078711,-0.35287682825777533,-0.58645090167281,5
0.6406473741756556,-0.277151223554902,-1.7982869182553576,0.48545862001632684,0.6271197896222565,-0.19476125916859677,1.6539933647518634,-0.35287682825777533,0.2578993769467064,5
0.09037476563538926,0.07694211186536937,-1.3608241436565487,1.5792375090728856,-0.6106267853513518,0.4623649260943359,0.6241098590178544,0.8489713952684794,-0.58645090167281,5
0.31859813310699364,-0.6804234272181173,-0.8739770952135143,0.7874304463484356,0.15119498341227988,0.11251401232283065,0.9961617706392374,-0.35287682825777533,-0.58645090167281,5
0.6633483929202579,-0.10144124486935181,-1.865510549428499,-0.0529919408992762,-0.3751195183190445,-0.2510562712510708,2.444819164253915,-0.35287682825777533,-0.58645090167281,5
0.7586740712660145,-2.170704703526632,-0.6423389893662281,0.4469632384104658,0.67321501498082,0.13849379772040168,1.4893283395911021,-0.35287682825777533,-0.58645090167281,5
1.6327518941948522,0.0309286783064151,-1.865510549428499,0.22934475641901964,-0.5531767899398031,-0.2703342682582803,2.333502071314787,-0.35287682825777533,-0.58645090167281,5
-1.7038529343648674,-0.4972576812967183,-1.865510549428499,3.16768883482595,-2.5636918438858705,8.780144872002806,-1.4247223964430489,-0.35287682825777533,-0.58645090167281,5
-0.9980583154890561,-0.5984805890533111,-1.865510549428499,1.688214716330703,-0.06693241004632888,3.76054812473114,0.0026935514764629964,-0.35287682825777533,-0.58645090167281,5
-1.7070545320759116,-0.4924951176616484,-1.865510549428499,3.1754784660061905,-2.6189247180103252,8.780144872002806,-1.4206232675365669,-0.35287682825777533,-0.58645090167281,5
-0.49932627730810625,-0.6896254781180313,-1.865510549428499,0.7501538511936866,1.5798487603741047,0.6692286553398997,0.9152376002795483,-0.35287682825777533,-0.58645090167281,5
0.3817625827692473,-0.908147882597976,-1.465716395568616,0.5428604478992238,0.995716728189844,-0.07475409105720539,1.496820830132414,-0.35287682825777533,-0.58645090167281,5
-0.9014383819138793,0.28009153009749993,-0.6087584748466901,3.035599201111674,-1.8938640527037327,1.4632136963857667,-1.1893542964741126,2.6399227220665287,-0.58645090167281,5
0.5710584988716255,-0.83297659178039,-1.8035036931849322,0.3357513177840749,1.296336978431776,-0.28379300540777763,1.7627073238196453,-0.35287682825777533,0.1923750176044301,5
1.061822716303042,-2.6829185180076975,-0.6343961405059915,0.23106414546805093,0.7490918763710529,0.06620175425021615,1.822003007526791,-0.35287682825777533,-0.58645090167281,5
0.28836653254488787,-0.7572730692267522,-0.7249233104010644,0.8107072955356255,0.1001807726348663,0.13567874770027297,0.8957203779971924,-0.35287682825777533,-0.58645090167281,5
0.7890741596923533,-1.6421618224215826,-1.1759951608466592,0.3163867572811996,0.8144286555345834,-0.10689876444381696,1.767615102777586,-0.35287682825777533,-0.58645090167281,5
0.9022786798615586,-0.47725542036588364,-1.6636154295896801,0.1042720481536956,0.7799941358501973,-0.5273628782265409,1.7327059505496927,-0.35287682825777533,1.949416288374747,5
0.02328863028407746,-0.7862740924790117,-0.948573873962074,0.8160798309577957,0.49215400002270004,0.3212758529278016,0.8141695157884273,-0.35287682825777533,-0.58645090167281,5
0.4573298374519385,-0.3277632433070954,-1.5579794378488407,0.6806138405625404,0.3852973225333506,0.006211892691081938,1.457083631504155,-0.35287682825777533,-0.58645090167281,5
-1.7088339598059172,-0.4898481149576782,-1.865510549428499,3.1798078936793863,-2.649622799623114,8.780144872002806,-1.418344997652784,-0.35287682825777533,-0.58645090167281,5
-0.3338386971543875,-0.7343102450708254,-1.865510549428499,0.6903560210279962,1.5520103562559413,0.5191825489347515,1.073739784057373,-0.35287682825777533,-0.58645090167281,5
0.7746859056792026,-1.613553359684937,-1.2041888434637251,0.3202860817912023,0.8392842949101577,-0.10988379772727025,1.7694390469350165,-0.35287682825777533,-0.58645090167281,5
-1.376481840393473,0.15914580709431908,-0.891993460682393,3.685091481842401,-3.2085387510451797,5.140829443354394,-1.8077878339204358,1.9654336518756024,-0.58645090167281,5
-0.3872332099304929,0.35076900080267953,-0.7993854279338016,2.6323377803173758,-1.8356327035139484,1.0229811282586525,-0.5330687584588258,2.1859682221953918,-0.58645090167281,5
0.5238153632693591,-0.16577324479369202,-1.865510549428499,0.6142170050095098,0.46489284371542566,-0.04705139167840829,1.6854421130651012,-0.35287682825777533,-0.58645090167281,5
-1.7033742636522782,-0.4979697319460196,-1.865510549428499,3.1665242074603728,-2.5554339796563004,8.780144872002806,-1.4253352569994804,-0.35287682825777533,-0.58645090167281,5
1.101834353839054,-2.288600847712399,-0.5627912834776007,0.23106414546805093,0.2941430704739276,-0.036268769733919126,1.7323532354634756,-0.35287682825777533,-0.58645090167281,5
0.5661731661888709,-1.3541908251947834,-0.5723458546747342,0.6143655871119754,0.13054382497546138,0.08556964315499804,1.1360387680648496,-0.35287682825777533,-0.58645090167281,5
0.5825710328967719,-0.7310396861328204,-0.694276454089344,1.260070033793685,-0.4019663084702114,0.3268141981371195,0.6096783333926249,-0.021151161906656613,3.010665312097056,5
-0.07142141892530751,-0.8051678581385904,-1.865510549428499,0.5955332928117201,1.5078663894872935,0.2812511536292216,1.325080166348941,-0.35287682825777533,-0.58645090167281,5
0.4196363714241107,-0.21572314148301652,-1.865510549428499,0.6455785332180015,0.5922269811953488,0.029447798029324845,1.589449173412355,-0.35287682825777533,-0.58645090167281,5
0.6782822544481165,-0.5562187543182258,-1.0256140006834162,1.250514838083711,-0.33522038407087257,0.2930060983142664,0.8077694247904212,0.010327733653927987,3.3520113612529094,5
0.36596362912637304,-0.560018905295009,-1.107507782307104,0.7509613382952713,0.23112172736834163,0.0762205590848459,1.1535287738713123,-0.35287682825777533,-0.58645090167281,5
0.13242795146844077,0.052831766905314215,-1.4102585916851527,1.4865124632756292,-0.5027655180388817,0.41300290004629425,0.7259989603987997,0.7312493744953956,-0.58645090167281,5
0.29973676534035176,-0.8573069678317797,-0.8740651734293718,0.7368892691170743,0.3644093308918965,0.08085301634443304,1.0300616545982377,-0.35287682825777533,-0.58645090167281,5
0.2790298837602588,-0.7810071125231063,-0.6788899276843743,0.8178960570180719,0.08442567663605313,0.14283288424569793,0.8647003198758477,-0.35287682825777533,-0.58645090167281,5
-1.517017956917949,-0.14140473481420163,-1.3258888248200498,3.441413556108614,-2.8284419822226132,6.762867835262911,-1.6439350133333723,0.9321655340480802,-0.58645090167281,5
-0.43039038568308086,-0.6981881233322944,-1.6582469089542706,0.7828321971016395,1.3422628008486712,0.6351828604858066,0.8452732761267959,-0.35287682825777533,-0.58645090167281,5
-1.11052336134698,0.653681775953332,-0.13407815978374193,4.0609259657226975,-3.5192656620979887,2.3075018314869364,-2.1202149450181427,3.7703151536373394,-0.58645090167281,5
0.8936460020446542,-0.5657048885935428,-1.465515831143919,0.38492939021684913,0.6559709898646316,-0.3783382255587285,1.416926122502934,-0.2600423643210611,2.747874100579949,5
1.0797093628958765,-2.5066442826047157,-0.6023861841315614,0.23106414546805093,0.545713334275899,0.02039373034624216,1.7819263226227695,-0.35287682825777533,-0.58645090167281,5
0.54685674318595,-0.23547143824874878,-1.7216998538809296,0.7383925217327386,0.3491588644630591,0.015707521486819087,1.5176548839372415,-0.29068738272116135,0.08790952791279594,5
-0.36654618527868743,-0.7254786065690838,-1.865510549428499,0.7021746530859819,1.5575124263886275,0.5488381354070728,1.0424129117399863,-0.35287682825777533,-0.58645090167281,5
0.8821813843575141,-0.020444825480770458,-1.865510549428499,-0.022734172663664592,-0.5260952499290685,-0.25961355109818407,2.461240276430387,-0.35287682825777533,-0.58645090167281,5
0.2781070423500387,-0.8439005192594117,-0.7180502449241437,0.7880535218685583,0.19793730350701821,0.12188569037220415,0.9069800202244895,-0.35287682825777533,-0.58645090167281,5
-0.01173251048630873,1.2127318670942053,-0.31493419203173684,0.3654434857456182,-0.28555600373515344,-0.7639186386341383,0.22075916375163673,-0.35287682825777533,-0.58645090167281,6
0.1796514108446734,0.8821550822680783,-1.2703732160076076,0.9575099573516197,0.07983494823372587,-0.7639186386341383,0.9247501112232138,-0.35287682825777533,-0.58645090167281,6
-1.3904581166397039,1.081370675534283,-0.5715185696124749,0.06286030209096424,2.0354518440898164,-0.7639186386341383,-0.6829632583532126,-0.35287682825777533,-0.58645090167281,6
-0.006321849059470343,1.1803621960290471,-0.31741064313482426,0.3711671303212626,-0.2588075472442554,-0.7639186386341383,0.2237711108371377,-0.35287682825777533,-0.58645090167281,6
0.0817549599831775,1.0514113194946697,-0.26459373824044685,0.300308324421849,-0.35612014226195593,-0.7639186386341383,0.30626018486837614,-0.35287682825777533,-0.58645090167281,6
0.25470858016563336,0.8726697798627486,-1.5201534224382849,1.073845582682916,0.015693635155360597,-0.7639186386341383,1.1625618808443452,-0.35287682825777533,-0.58645090167281,6
0.018202932071563177,1.0336409293427251,-0.3286355963325363,0.39711056300275066,-0.13756543111806369,-0.7639186386341383,0.23742329441006702,-0.35287682825777533,-0.58645090167281,6
-2.293252649308603,4.767248874405923,-1.865510549428499,-2.2044042040164444,3.4923153422085695,-0.7639186386341383,-1.5240340746177912,-0.35287682825777533,-0.58645090167281,6
0.18441715208341705,1.7794041266586476,-1.4089666307204354,0.7032574740902132,-0.14634133727062515,-0.7639186386341383,0.8027136930766176,-0.35287682825777533,-0.58645090167281,6
0.3169487370419123,1.651595386304236,-1.621730155080859,-0.7110929770807217,0.5025097578957465,-0.7639186386341383,1.1915907008751576,-0.35287682825777533,-0.58645090167281,6
0.021023079689983196,1.0167691934195282,-0.32992637339832415,0.4000938438524116,-0.12362358742866905,-0.7639186386341383,0.23899318295601252,-0.35287682825777533,-0.58645090167281,6
-0.019325656406242675,1.258158408581136,-0.3114588212580175,0.3574111094743678,-0.32309391587671443,-0.7639186386341383,0.21653229536732307,-0.35287682825777533,-0.58645090167281,6
0.15633951572485927,0.9946462376530811,-0.7587084121034893,-0.17046184761331018,0.31055331751148907,-0.7639186386341383,0.6206546023585474,-0.35287682825777533,-0.58645090167281,6
0.25040266093518054,0.8508335080087172,-1.3231796850675446,0.9476514372914586,-0.04109391373870418,-0.7639186386341383,1.053136503129359,-0.35287682825777533,-0.58645090167281,6
0.27132095601592987,0.6161124985469101,-0.19870387505084547,-0.08801870398651951,-0.14676166835456475,-0.7639186386341383,0.4922781679683081,-0.35287682825777533,-0.58645090167281,6
0.10575540031193252,0.9973884699145776,-0.25462054792224786,0.2887831631546909,-0.3573583223713455,-0.7639186386341383,0.32715030204076534,-0.35287682825777533,-0.58645090167281,6
0.0660145271393256,0.859708336439582,-0.40274660836113485,0.3460792511735846,0.06537318345020093,-0.7639186386341383,0.3076510840164488,-0.35287682825777533,-0.58645090167281,6
0.3151504690356627,0.5091454528744495,-0.19293642432263003,-0.39627257160871404,0.06267825955465389,-0.7639186386341383,0.5507329744921865,-0.35287682825777533,-0.58645090167281,6
0.35825841657154245,0.7078897037908847,-0.613947534065221,-0.8313459305628195,0.3765784154808087,-0.7639186386341383,0.8306824184712683,-0.35287682825777533,-0.58645090167281,6
0.2426638795321161,0.8115884303627837,-0.9691700963887323,0.7208499453767286,-0.1431549148366713,-0.7639186386341383,0.85647255455943,-0.35287682825777533,-0.58645090167281,6
0.07876813902944063,1.0581343869424396,-0.2658348877114552,0.30174261448888173,-0.35596605249341134,-0.7639186386341383,0.30366043924530295,-0.35287682825777533,-0.58645090167281,6
0.06443768901302771,0.8573526735090014,-0.39653244600765514,0.35509670814891203,0.06109297938648761,-0.7639186386341383,0.30218686100224024,-0.35287682825777533,-0.58645090167281,6
0.22132398598694109,0.6137760257059995,-0.2508524671885685,-0.14096042988610774,0.09537370411724792,-0.7639186386341383,0.4480855265239614,-0.35287682825777533,-0.58645090167281,6
0.2331868970484781,0.6960520436330613,-0.22338083662129876,-0.273492093858655,0.005416781777930452,-0.7639186386341383,0.47349360090522474,-0.35287682825777533,-0.58645090167281,6
0.1516329946156708,0.8941220988722968,-0.23555648188575462,0.2667524559819419,-0.35972514247778653,-0.7639186386341383,0.3670824160963637,-0.35287682825777533,-0.58645090167281,6
0.2562579503099886,0.8805269796530715,-1.5910291661693634,1.1192531787843851,0.03612711941705332,-0.7639186386341383,1.2019356833224206,-0.35287682825777533,-0.58645090167281,6
0.22321641112255608,0.7285646743335786,-0.20684711808483833,0.23420334471220358,-0.3574886846677891,-0.7639186386341383,0.4290166107946987,-0.35287682825777533,-0.58645090167281,6
0.16980576201524766,0.681396350317862,-0.27892631028101644,0.03231219651607348,0.07398607362857064,-0.7639186386341383,0.3898848496361882,-0.35287682825777533,-0.58645090167281,6
-1.268461017647584,3.50878472689795,-1.865510549428499,-2.0438245478210675,2.5842581253698786,-0.7639186386341383,-0.35381421424162784,-0.35287682825777533,-0.58645090167281,6
0.40619165930344125,1.1368248141315704,-1.3739956819160382,-1.4053533749196492,0.7994393198095123,-0.7639186386341383,1.294159644605267,-0.35287682825777533,-0.58645090167281,6
0.0549704567501451,0.8321236079809977,-0.3415035517491461,0.41854086305382854,0.026312553722023718,-0.7639186386341383,0.2601542032397738,-0.35287682825777533,-0.58645090167281,6
-2.260756838610442,4.148308180354725,-1.6250813209520802,-1.7391941237829518,3.3492262396006516,-0.7639186386341383,-1.4931780679163655,-0.35287682825777533,-0.58645090167281,6
0.23558143109148105,1.2085802210415082,-1.7090491244643402,1.0922730717751035,0.025607116414661957,-0.7639186386341383,1.1653450378476493,-0.35287682825777533,-0.58645090167281,6
-0.36549550094788597,2.557563457919681,-1.4372114175644086,0.0026886367211447215,0.5948419559725258,-0.7639186386341383,0.21172805058236133,-0.35287682825777533,-0.58645090167281,6
-0.8354952185757067,3.0979817535762506,-1.5370618467913362,-0.515080646254165,1.2885700742993027,-0.7639186386341383,-0.21643147221065617,-0.35287682825777533,-0.58645090167281,6
0.21305942202972228,0.7349789211210618,-0.21491679862710264,0.24586014241894272,-0.3349468854641214,-0.7639186386341383,0.4187930380882197,-0.35287682825777533,-0.58645090167281,6
0.04305423404854569,1.5184592826527215,-0.6629172030501324,0.4355821069662538,-0.2964329584108359,-0.7639186386341383,0.3830010311575268,-0.35287682825777533,-0.58645090167281,6
0.15249464515679256,0.532745382448216,-0.23036966241122014,-0.45200086762940006,0.3381339567957542,-0.7639186386341383,0.4420613179249251,-0.35287682825777533,-0.58645090167281,6
0.015785265586823582,0.581354922086268,-0.26059628800807544,-0.4063829117075435,0.4885204631427231,-0.7639186386341383,0.34238139535563206,-0.35287682825777533,-0.58645090167281,6
0.2207215292512075,1.3743675119015113,-1.6218946391970679,0.9792892927010015,-0.02433274774227205,-0.7639186386341383,1.0600241715718903,-0.35287682825777533,-0.58645090167281,6
0.07778769334305702,0.8021748087753784,-0.32906974734888905,0.34179903837706743,0.035785058544590194,-0.7639186386341383,0.2859310742581846,-0.35287682825777533,-0.58645090167281,6
0.3380520801127177,1.6099325593057494,-1.6645157990859265,-0.898091592479738,0.6026181582297905,-0.7639186386341383,1.2621970126387556,-0.35287682825777533,-0.58645090167281,6
0.12097362266724365,0.8616972765063029,-0.8476314997787395,0.7177082008594676,0.054671508516173487,-0.7639186386341383,0.619544914462091,-0.35287682825777533,-0.58645090167281,6
-1.9770950550148658,2.4398147631832323,-1.0603140966877764,-0.6139301997581916,2.8293982460605855,-0.7639186386341383,-1.1839460712500651,-0.35287682825777533,-0.58645090167281,6
0.2884039476218319,0.5744210213336429,-0.19645595337457222,-0.20816373573044955,-0.06513035913141413,-0.7639186386341383,0.5150615141743785,-0.35287682825777533,-0.58645090167281,6
0.25449736174056176,0.5702342600161799,-0.2327752883971244,-0.2525333355556539,0.10914552791051996,-0.7639186386341383,0.4855618363550999,-0.35287682825777533,-0.58645090167281,6
0.21039002743411123,1.4896328558575156,-1.5612995738604627,0.9007361413172641,-0.059053959418419136,-0.7639186386341383,0.9867987402734744,-0.35287682825777533,-0.58645090167281,6
0.004176113168783725,1.1175573820930913,-0.32221554369862127,0.3822723538462497,-0.20690921841653076,-0.7639186386341383,0.2296150001960705,-0.35287682825777533,-0.58645090167281,6
0.2269787438650788,0.7320456270351019,-0.2516555244355241,0.2611635962106553,-0.3500144402784088,-0.7639186386341383,0.45786965398995816,-0.35287682825777533,-0.58645090167281,6
0.14041990187749337,1.8437290839655884,-1.170192742618186,0.5560372158915047,-0.2187879954527478,-0.7639186386341383,0.6259843674369275,-0.35287682825777533,-0.58645090167281,6
0.029895843390462265,0.9636872465435422,-0.3339874231887423,0.40947985820794236,-0.07975968335604555,-0.7639186386341383,0.24393237479593002,-0.35287682825777533,-0.58645090167281,6
0.14180161945110828,1.68132349725778,-1.092256476421802,0.5545346062858726,-0.14340917394970334,-0.7639186386341383,0.5946980787694376,-0.35287682825777533,-0.58645090167281,6
0.30452497548481305,0.5350772411978666,-0.19433461486355402,-0.32154325666128447,0.011904193178696343,-0.7639186386341383,0.5365619028342378,-0.35287682825777533,-0.58645090167281,6
-2.3569599118302453,4.727738779797181,-1.8166204910840245,-2.120824128016787,3.525524399650077,-0.7639186386341383,-1.5980532049196923,-0.35287682825777533,-0.58645090167281,6
-0.5310345602956255,1.270158006718689,-0.4094422735849039,0.30505109753682946,0.4619014497947338,-0.7639186386341383,-0.12688581935060161,-0.35287682825777533,-0.58645090167281,6
0.1566654622270348,1.8195162127996127,-1.2148266906293463,0.5746259383844078,-0.17092963650863924,-0.7639186386341383,0.6502044347076567,-0.35287682825777533,-0.58645090167281,6
-1.1431555259998385,3.354907134758606,-1.865510549428499,-2.024189812186494,2.4732262311926894,-0.7639186386341383,-0.21072661437245266,-0.35287682825777533,-0.58645090167281,6
0.014388522285606033,1.4226956466860488,-0.5135687240031449,0.40011856514686356,-0.3192926396273288,-0.7639186386341383,0.3114635946432578,-0.35287682825777533,-0.58645090167281,6
0.14337787573300576,1.775018979321552,-1.865510549428499,-1.8225965468323666,1.3332423514902323,-0.7639186386341383,1.258378802994068,-0.35287682825777533,-0.58645090167281,6
0.2449991833575879,0.8234312742401408,-1.0759982781962665,0.7892910040014689,-0.11235633895220647,-0.7639186386341383,0.9158191166998056,-0.35287682825777533,-0.58645090167281,6
0.0846568732752172,1.0448793716169258,-0.2633878714666715,0.2989148075439942,-0.35626985165345704,-0.7639186386341383,0.3087860263889666,-0.35287682825777533,-0.58645090167281,6
0.11533888794814137,0.8597327459405979,-0.8070362847981598,0.6946804193943207,0.0522551034022011,-0.7639186386341383,0.5902365445992026,-0.35287682825777533,-0.58645090167281,6
-1.480805723400497,1.1134954323421664,-0.5914945455968638,0.09300800048461898,2.1348383015538523,-0.7639186386341383,-0.7488390780999294,-0.35287682825777533,-0.58645090167281,6
0.020990255807178115,1.0169655646587656,-0.3299113499595303,0.40005912125124554,-0.12378585746033638,-0.7639186386341383,0.2389749109204238,-0.35287682825777533,-0.58645090167281,6
0.20247292723020444,0.6385190120540579,-0.2611249809684286,-0.07755815765257162,0.08754774569075105,-0.7639186386341383,0.42678928812303984,-0.35287682825777533,-0.58645090167281,6
0.026043637524777605,1.176812535132877,-0.28774413107263513,0.3270612492409168,-0.35324600118825505,-0.7639186386341383,0.25776873895976254,-0.35287682825777533,-0.58645090167281,6
0.21123297850463407,0.511859885402392,-0.21738253880731423,-0.47160100560101426,0.27351913103462566,-0.7639186386341383,0.48488963400959784,-0.35287682825777533,-0.58645090167281,6
-1.0805887101445835,2.0678562027626914,-1.865510549428499,1.6817164142431387,1.153330921594734,-0.7639186386341383,-0.42778702410811636,0.8901029952125474,-0.58645090167281,7
1.1078020471677514,2.6099070479974396,-0.9811971899537282,0.028817815836103988,-1.8649669231512473,-0.43261248582514383,-0.24437007846188413,2.9540071482690755,-0.58645090167281,7
-0.6586986909342074,1.257724346647006,-1.865510549428499,2.55495757965486,0.28289145605301214,-0.7564130922630022,0.3046015067513742,0.7337405916636592,-0.58645090167281,7
-0.4511941881832248,1.8677242250569897,-1.865510549428499,0.9738928271180166,0.5007696539783852,-0.7639186386341383,-0.3455719796359167,2.826943133394286,-0.58645090167281,7
-0.7639581751346458,1.8566174571037926,-1.865510549428499,1.9921898661146673,0.6830686294897897,-0.7300954232185507,-0.11702287565928511,0.8396962267060163,-0.06813103105576968,7
-0.5995089883947002,1.2202338356874516,-1.865510549428499,1.0037607286147814,1.1905949501423223,-0.7639186386341383,-0.3324925706170485,2.812087313708251,-0.49857302427183336,7
-0.46012559290636734,1.2097286539130558,-1.865510549428499,1.1756147274595572,0.8727492853046341,-0.7639186386341383,-0.27220287884096317,2.9138546371180802,-0.22988153753951412,7
-0.7124197633069138,0.8872842951849044,-1.865510549428499,2.8576517289402363,-0.025382209946173764,-0.6377966652646396,0.1626586582514604,1.766646981568824,-0.5829133800727642,7
-0.9059018770669519,0.5973204673821606,-1.865510549428499,2.260430714384629,0.6766158563228561,-0.5571164194733614,0.3043904969790238,1.3257030277610906,-0.49290978796982887,7
-0.7227517656620649,1.1787950619077132,-1.865510549428499,2.4874308033717814,0.986736748318512,-0.7183518049403225,0.007450912815388476,0.5786854034414948,0.33937240703360966,7
-1.1916141001053657,0.9074455945442026,-1.1150565295404113,0.9058818689764214,0.891747040541367,0.14893150673276656,-1.0608844140459819,2.553565116180699,-0.58645090167281,7
-0.7850639111879554,0.9493717480096955,-1.865510549428499,2.6316012914026583,1.018779626858919,-0.683280610822201,0.06507051927605463,0.5854429655425448,0.21111046044448212,7
-0.8877767674791799,1.8340106732835046,-1.865510549428499,1.8010039786751766,1.1008145927243271,-0.7639186386341383,-0.28210589327814894,0.8913521843066736,-0.58645090167281,7
-1.458952880828095,0.4738279459631394,-0.18127531774349642,0.7110178672827608,0.4110229470771439,0.4621936888204914,-1.2365058853626258,1.5721361679003878,-0.58645090167281,7
-0.5220328336933387,1.4686686390998427,-1.865510549428499,1.0779765174300748,0.7839588098747305,-0.7639186386341383,-0.33900506488915755,2.86425806609738,0.0005230111536975723,7
-0.7391775107270822,1.9549941453458075,-1.865510549428499,2.1279243037745275,0.5254860816544991,-0.6894115752982106,-0.08685071631821002,0.7235214254783124,-0.58645090167281,7
-1.09555885668711,0.5270998700962611,-0.406676566468921,0.7018461452957762,0.4967478390662089,-0.15567096666529978,-0.7152519846697811,1.3741309836683913,-0.58645090167281,7
-0.3624235906337383,1.8921775727343815,-1.865510549428499,0.7213958263142753,0.4481821071529474,-0.7639186386341383,-0.2418133796683851,2.751035397450686,-0.58645090167281,7
-0.7482463239933752,1.9588218510029203,-1.865510549428499,2.0876296809543855,0.5504592639491452,-0.6951562468182249,-0.09831027556333259,0.7452330241547604,-0.58645090167281,7
-0.7603135550592462,1.887597944439533,-1.865510549428499,2.0333605156334227,0.6361159626329607,-0.7179734263090057,-0.10924562981073063,0.804715867017467,-0.21417732962476738,7
-0.9287912035445082,0.5931599635379909,-1.865510549428499,2.220492176273467,0.7655487544003761,-0.5559587906915,0.3003713715899415,1.2485040036208117,-0.45143468771604417,7
-0.5080645197151843,1.8430620512785625,-1.865510549428499,1.094341557809507,0.5351001138981318,-0.7639186386341383,-0.3997548496833697,2.8738123801659468,-0.58645090167281,7
-0.6534641164994257,1.83278012721514,-1.865510549428499,1.6840178506906252,0.8348872604067732,-0.7639186386341383,-0.14081087785627572,0.9938258391290229,-0.58645090167281,7
-0.7164586892896563,0.9689975702299369,-1.865510549428499,2.690451146669961,1.0429197130488663,-0.6996628213818805,0.05943988408733187,0.47262994485741616,0.32076241669450944,7
-0.6487486541371932,-1.0187427075613718,-1.4630961001876501,-0.11987177757343359,2.397174653025015,2.0356857839292646,-0.07856499537699385,0.14555674606155944,-0.58645090167281,7
-0.8644509286407789,1.9883370254441137,-1.865510549428499,1.6408693460839892,0.940557667457195,-0.7639186386341383,-0.2752264259544032,0.966435265838204,-0.58645090167281,7
-0.9860792100192678,1.02340531773094,-1.865510549428499,2.3740762728556475,0.6267885215690648,-0.6607399301469454,0.1497245387347633,1.030291798045999,-0.558537428516011,7
-0.7465012394385284,1.9539545099568751,-1.865510549428499,2.055785662075189,0.5718410855703966,-0.7002348751800879,-0.10389602304679006,0.7638853024286604,-0.58645090167281,7
0.2665625920145942,1.1774793257713023,-1.865510549428499,1.0972721514682602,1.0829710667176262,-0.7639186386341383,-0.35405255708052563,2.9028578142698818,-0.58645090167281,7
1.157274518512383,2.6343218508137136,-0.9510845926981878,0.0055237060010776,-1.943414235068472,-0.4213308641681497,-0.24437007846188413,2.9602127030038465,-0.58645090167281,7
-0.5008865968663129,1.8862588425364004,-1.865510549428499,0.7891603963678608,0.5230635071836047,-0.7639186386341383,-0.221436423135516,2.5857856562686736,-0.58645090167281,7
-0.38551722046979103,1.8911904140122744,-1.865510549428499,0.7326979779820514,0.46067124328371095,-0.7639186386341383,-0.238414797591054,2.7234741270637723,-0.58645090167281,7
-1.0684967753779941,1.8430129604408476,-1.865510549428499,1.890109646050134,1.3271692077570998,-0.7639186386341383,-0.4062845657999305,0.8039401665938174,-0.58645090167281,7
-0.3664579495745409,1.892005120302919,-1.865510549428499,0.7233702641551389,0.4503639061325685,-0.7639186386341383,-0.24121966182986987,2.746220560701561,-0.58645090167281,7
-2.3061135119532317,0.3183195201458058,0.32904403717339403,0.7166474524284036,0.24606576578937123,1.9599452219182734,-2.451758630466696,2.0145878227952503,-0.58645090167281,7
-0.5204750529905915,1.8225493920781435,-1.865510549428499,1.094341557809507,0.5441111533106512,-0.7639186386341383,-0.411524985926531,2.907501160483967,-0.58645090167281,7
-0.5751405866449796,1.8830847865659173,-1.865510549428499,0.8255007144717654,0.563220389976899,-0.7639186386341383,-0.2105088088702984,2.497166660289012,-0.58645090167281,7
-2.3192284723774907,0.3510029715305448,0.34592413290529767,0.7344108397771402,0.21156454424533996,1.9260642487103306,-2.4722212054619415,2.0502752124807393,-0.58645090167281,7
-2.0107630004070414,-0.04780643030116183,-0.05215731549376801,0.5032697388692845,0.7718333131660939,2.207599035261345,-2.0291787329303905,1.603351422988705,-0.58645090167281,7
-0.05860501069568835,0.4212219921220739,-0.31078503561315374,0.36324619661796226,0.30800082750399793,-0.4936024910017567,-0.16907709165979257,0.7300883892835776,-0.58645090167281,7
-0.7572844361247669,1.9133464666027922,-1.865510549428499,2.0675782918136734,0.5970926325579531,-0.7078985845963545,-0.10278180033863576,0.7756429684229922,-0.3355594213527941,7
-0.6615390762616641,1.1164221370571863,-1.865510549428499,2.6643463469013966,0.18657171260753455,-0.7357961222026368,0.30375612358093096,0.9754796272531622,-0.58645090167281,7
-0.40945424609300274,1.556972588568578,-1.865510549428499,1.8445783913687237,0.796829687590414,-0.7593667103972742,0.001875716302739628,0.9746323184586083,-0.58645090167281,7
-0.7330884178025386,1.0503434721003087,-1.0719704576967968,1.0382557286841354,0.6739169927954358,-0.7639186386341383,-0.1920124590661878,1.1141709054793,-0.58645090167281,7
-0.26557048201403693,1.0300219159588144,0.3950672676059263,1.4607198756440312,-1.5790412529366311,1.5333585311625804,-2.259909974048666,2.830265927944813,-0.58645090167281,7
-0.7474086622637311,1.9564854683284685,-1.865510549428499,2.0723441660725546,0.5607227973879416,-0.6975940499642109,-0.10099150203190242,0.7541863437158793,-0.58645090167281,7
0.6600517336974638,1.799328853573738,0.025561325536729185,0.8678844094112128,-2.212702093108337,0.8141451509111428,-1.4823405152175337,2.9710110363567046,-0.58645090167281,7
