Age_08_04,KM,HP,Automatic,cc,Doors,Weight,Fuel_Type_Diesel,Fuel_Type_Petrol
62,59295,86,0,1300,5,1035,False,True
68,61568,110,0,1600,4,1035,False,True
40,38653,110,0,1600,5,1080,False,True
75,101855,110,0,1600,5,1070,False,True
22,35199,97,0,1400,3,1100,False,True
41,81106,69,0,1900,5,1140,True,False
62,61149,86,0,1300,5,1040,False,True
41,21651,97,0,1400,3,1025,False,True
62,82421,110,0,1600,3,1065,False,True
35,18000,110,0,1600,5,1075,False,True
77,128960,110,0,1600,5,1070,False,True
40,179860,90,0,2000,5,1205,True,False
42,38665,110,0,1600,5,1075,False,True
67,70552,110,0,1600,5,1075,False,True
54,174139,72,0,2000,4,1100,True,False
52,31000,97,0,1398,3,1025,False,True
31,16238,110,1,1600,5,1180,False,True
22,72215,90,0,2000,5,1255,True,False
15,13157,97,0,1400,4,1085,False,True
78,30964,110,1,1600,3,1080,False,True
72,126478,110,0,1600,4,1035,False,True
73,156169,86,0,1300,5,1035,False,True
79,207114,110,0,1600,5,1114,False,False
77,82103,86,0,1300,3,1015,False,True
80,93841,110,0,1600,5,1070,False,True
53,79800,110,0,1600,5,1075,False,True
6,3000,110,0,1600,5,1130,False,True
75,125400,110,0,1600,3,1050,False,True
77,90000,86,0,1300,3,1015,False,True
60,64914,110,0,1600,5,1070,False,True
58,25000,110,0,1600,5,1075,False,True
69,44826,110,0,1600,5,1075,False,True
75,109540,110,0,1600,5,1085,False,True
74,101773,110,0,1600,3,1050,False,True
41,22780,86,0,1300,5,1035,False,True
48,15000,97,0,1400,3,1025,False,True
80,58267,110,0,1600,5,1070,False,True
46,30806,97,0,1400,5,1060,False,True
52,31579,97,0,1400,3,1025,False,True
33,57711,90,0,2000,3,1165,True,False
63,102807,86,0,1300,5,1055,False,True
80,86109,110,0,1600,3,1055,False,True
66,94606,110,0,1600,3,1065,False,True
58,70560,110,0,1600,3,1050,False,True
62,25505,86,0,1300,5,1035,False,True
70,59017,107,1,1600,3,1080,False,True
78,72000,110,0,1600,4,1035,False,True
58,30634,110,0,1600,5,1075,False,True
64,72000,86,0,1300,3,1015,False,True
25,49163,110,1,1600,5,1165,False,True
49,53116,97,0,1400,3,1025,False,True
50,61672,110,0,1600,5,1075,False,True
42,38078,97,0,1400,3,1025,False,True
62,66082,110,0,1600,5,1070,False,True
4,1,116,0,2000,5,1480,True,False
20,23175,110,0,1600,3,1120,False,True
39,18500,110,0,1600,4,1030,False,True
67,149000,90,0,2000,5,1135,True,False
54,63135,110,0,1600,3,1050,False,True
67,135337,110,0,1600,5,1120,False,False
44,41499,110,0,1600,5,1103,False,False
63,89000,110,0,1600,5,1085,False,True
66,63881,86,0,1300,3,1015,False,True
73,68988,86,0,1300,5,1035,False,True
40,44830,110,0,1600,5,1075,False,True
73,56307,110,0,1600,3,1050,False,True
59,105000,86,0,1300,3,1015,False,True
20,36000,110,0,1600,5,1075,False,True
80,60476,110,0,1600,5,1114,False,True
35,43000,110,0,1600,3,1050,False,True
61,76700,86,0,1300,5,1035,False,True
76,191620,72,0,2000,5,1150,True,False
39,25062,110,0,1600,5,1080,False,True
9,1,110,0,1600,5,1075,False,True
80,65307,110,0,1600,3,1055,False,True
63,22178,86,0,1300,3,1015,False,True
50,83567,110,0,1600,5,1075,False,True
37,82743,110,0,1600,5,1121,False,False
49,77648,110,0,1600,4,1030,False,True
20,22588,97,0,1400,5,1110,False,True
59,22705,110,0,1600,5,1075,False,True
50,10210,97,0,1400,5,1065,False,True
71,134660,72,0,2000,5,1135,True,False
75,74567,86,0,1300,3,1015,False,True
61,123000,72,0,2000,5,1135,True,False
49,74656,69,0,1900,3,1105,True,False
39,98823,110,0,1600,5,1119,False,False
74,96000,110,0,1600,5,1085,False,True
60,28500,86,1,1300,3,1045,False,True
58,115715,110,0,1600,5,1070,False,True
48,89049,97,0,1400,5,1060,False,True
47,60348,110,0,1600,4,1030,False,True
25,31461,192,0,1800,3,1185,False,True
13,19988,110,0,1600,5,1130,False,True
80,74785,110,0,1600,5,1070,False,True
39,45713,97,0,1400,5,1085,False,True
35,41000,110,0,1600,5,1075,False,True
79,74093,110,0,1600,5,1075,False,True
39,43254,110,0,1600,5,1075,False,True
52,41700,97,0,1400,3,1025,False,True
63,46000,86,0,1300,5,1035,False,True
50,17619,110,0,1600,4,1030,False,True
13,33477,110,0,1600,5,1075,False,True
80,49580,110,0,1600,4,1035,False,True
35,32941,110,0,1600,5,1080,False,True
44,36066,110,0,1600,3,1040,False,True
58,133405,72,0,2000,5,1135,True,False
80,57000,86,0,1300,4,1000,False,True
68,62222,110,0,1600,5,1075,False,True
19,27821,97,0,1400,5,1110,False,True
53,90097,69,0,1900,5,1140,True,False
50,83106,110,0,1600,5,1075,False,True
63,109230,110,0,1600,3,1050,False,True
57,43000,110,0,1600,5,1075,False,True
65,45000,110,0,1600,5,1075,False,True
48,35142,110,0,1600,3,1055,False,True
68,37759,110,0,1600,5,1070,False,True
17,11999,110,0,1600,5,1130,False,True
61,55747,86,0,1300,3,1020,False,True
71,29000,86,1,1300,3,1045,False,True
54,48370,110,0,1600,5,1080,False,True
76,68000,110,0,1600,5,1075,False,True
80,76000,110,0,1600,3,1050,False,True
75,69320,110,0,1600,5,1070,False,True
52,35823,110,0,1600,5,1075,False,True
60,115191,110,0,1600,4,1079,False,False
60,36943,110,0,1600,5,1070,False,True
48,28656,97,0,1400,3,1085,False,True
60,47060,110,0,1600,4,1035,False,True
78,91399,110,0,1600,5,1070,False,True
61,37500,110,0,1600,5,1085,False,True
48,36005,97,0,1400,5,1065,False,True
19,29435,97,0,1400,3,1100,False,True
53,55500,110,0,1600,4,1035,False,True
54,84598,110,0,1600,5,1075,False,True
62,49258,110,0,1600,4,1035,False,True
50,99865,110,0,1600,4,1035,False,True
55,27500,97,0,1400,3,1025,False,True
54,39291,110,0,1600,3,1040,False,True
16,13000,110,0,1600,4,1105,False,True
64,144000,110,0,1600,3,1065,False,False
65,55000,86,0,1300,3,1015,False,True
68,57565,86,0,1300,5,1035,False,True
47,73403,110,0,1600,5,1075,False,True
55,137000,72,0,2000,5,1135,True,False
55,33230,110,0,1600,3,1050,False,True
79,100719,110,0,1600,5,1070,False,True
71,82700,110,0,1600,3,1050,False,True
55,77780,110,0,1600,3,1040,False,True
53,26624,97,0,1400,5,1060,False,True
53,47451,110,0,1600,3,1055,False,True
56,46500,86,0,1300,5,1035,False,True
65,51000,86,0,1300,3,1015,False,True
37,38812,97,0,1400,3,1025,False,True
56,48731,110,0,1600,3,1055,False,True
55,30461,86,0,1300,5,1050,False,True
80,92255,107,1,1600,5,1105,False,True
63,74747,110,0,1600,5,1075,False,True
62,83908,110,0,1600,5,1070,False,True
57,88480,110,0,1600,3,1050,False,True
38,26262,110,0,1600,5,1075,False,True
57,101791,72,0,2000,3,1115,True,False
17,36012,110,0,1600,5,1130,False,True
8,5000,110,0,1600,5,1130,False,True
37,44757,97,0,1400,3,1025,False,True
77,52900,110,0,1600,4,1075,False,True
75,91082,110,0,1600,3,1050,False,True
42,42560,110,0,1600,5,1080,False,True
54,63123,110,0,1600,4,1035,False,True
50,62280,97,0,1400,5,1060,False,True
64,74193,110,0,1600,3,1050,False,True
46,69574,97,0,1400,5,1065,False,True
59,60708,86,0,1300,5,1045,False,True
44,60500,110,0,1600,5,1075,False,True
19,51884,97,0,1400,3,1100,False,True
80,92830,86,0,1300,3,1015,False,True
69,67092,72,0,2000,3,1115,True,False
65,67003,110,0,1600,4,1035,False,True
62,183500,72,0,2000,5,1140,True,False
71,65021,72,0,2000,3,1115,True,False
67,64613,110,0,1600,5,1085,False,True
79,86000,86,0,1300,5,1040,False,True
68,64000,110,0,1600,5,1075,False,True
67,72880,86,0,1332,3,1015,False,True
36,43427,110,0,1600,3,1040,False,True
39,45081,110,0,1600,5,1075,False,True
65,78076,86,0,1300,3,1015,False,True
73,59240,110,0,1600,3,1050,False,True
56,43700,86,0,1300,3,1025,False,True
58,69022,86,0,1300,5,1035,False,True
44,49332,110,0,1600,5,1080,False,True
33,33591,110,0,1600,5,1075,False,True
43,27301,110,0,1600,3,1040,False,True
70,124743,110,0,1600,3,1050,False,True
30,38950,110,0,1600,5,1130,False,True
54,103454,110,0,1600,5,1075,False,True
57,118833,110,0,1600,3,1065,False,True
79,60142,110,0,1600,3,1050,False,True
64,120400,110,0,1600,5,1090,False,True
80,71500,110,0,1600,4,1035,False,True
54,62987,110,0,1600,5,1080,False,True
71,83047,86,1,1300,3,1045,False,True
65,45681,110,0,1600,3,1050,False,True
49,41636,110,0,1600,5,1105,False,True
69,42800,110,0,1600,3,1050,False,True
61,49000,110,0,1600,3,1050,False,True
65,53053,110,0,1600,5,1075,False,True
40,32532,110,0,1600,3,1040,False,True
49,80320,110,1,1600,3,1070,False,True
65,97173,86,0,1300,3,1015,False,True
79,131500,72,0,2000,5,1140,True,False
69,75000,86,0,1300,4,1000,False,True
65,111769,110,0,1600,3,1065,False,True
65,57374,110,0,1600,5,1075,False,True
74,137741,90,0,2000,5,1135,True,False
80,23000,86,0,1300,3,1015,False,True
76,36537,110,1,1600,4,1075,False,True
68,80121,110,0,1600,5,1070,False,True
80,64000,110,0,1600,3,1055,False,True
67,76569,86,0,1300,3,1020,False,True
55,117175,110,0,1600,4,1035,False,True
50,70440,69,0,1900,3,1105,True,False
78,120000,110,0,1600,5,1075,False,True
48,26938,110,0,1600,3,1040,False,True
35,33258,110,0,1600,5,1075,False,True
42,37000,97,0,1400,3,1025,False,True
77,72703,110,0,1600,3,1050,False,True
60,54554,110,0,1600,3,1065,False,True
25,32189,192,0,1800,3,1185,False,True
8,11000,110,0,1600,5,1130,False,True
41,51732,97,0,1400,3,1025,False,True
78,97534,110,0,1600,5,1070,False,True
65,75000,86,0,1300,3,1015,False,True
65,85889,110,0,1600,3,1065,False,True
11,25000,116,0,2000,5,1320,True,False
62,88667,110,0,1600,4,1040,False,True
68,77695,110,0,1600,4,1035,False,True
65,91246,86,0,1300,3,1015,False,True
20,23000,110,0,1600,5,1130,False,True
75,76382,110,0,1600,3,1055,False,True
35,71200,110,0,1600,5,1075,False,True
78,72090,110,0,1600,5,1070,False,True
54,101352,110,0,1600,5,1080,False,True
41,34000,110,0,1600,5,1075,False,True
39,40000,110,0,1600,3,1055,False,True
57,72000,86,0,1300,3,1015,False,True
68,102494,110,0,1600,5,1090,False,True
59,46929,86,0,1300,3,1025,False,True
75,64000,107,1,1600,3,1085,False,True
66,63328,86,1,1300,5,1065,False,True
65,74179,110,0,1600,3,1050,False,True
55,56743,110,0,1600,3,1045,False,True
61,78063,107,1,1600,5,1100,False,True
26,48000,90,0,2000,3,1165,True,False
80,35821,86,1,1300,3,1015,False,True
56,66777,110,0,1600,5,1090,False,True
36,36269,110,0,1600,5,1075,False,True
32,61000,90,0,2000,3,1170,True,False
76,71000,110,0,1600,3,1050,False,True
66,52383,86,0,1300,3,1015,False,True
78,96000,86,0,1300,3,1015,False,True
27,27500,97,0,1400,3,1100,False,True
52,46029,110,0,1600,4,1030,False,True
43,58277,110,0,1600,3,1045,False,True
19,27371,97,0,1400,5,1135,False,True
62,71000,110,0,1600,5,1070,False,True
78,74926,110,0,1600,5,1075,False,True
60,139800,72,0,2000,3,1115,True,False
60,31480,110,0,1600,3,1065,False,True
75,69388,86,0,1300,3,1010,False,True
65,49942,110,0,1600,3,1065,False,True
68,30300,86,0,1300,4,1000,False,True
75,65006,86,0,1300,3,1015,False,True
39,12000,110,0,1600,5,1075,False,True
43,37576,97,0,1400,3,1030,False,True
46,75249,110,0,1600,4,1035,False,True
44,37000,110,0,1600,4,1075,False,True
73,97494,110,0,1600,5,1085,False,True
59,86888,110,0,1600,3,1050,False,True
52,89000,110,0,1600,5,1075,False,True
50,41273,97,0,1400,5,1060,False,True
62,70500,110,0,1600,5,1035,False,True
62,93098,110,0,1600,5,1075,False,True
73,97085,110,0,1600,5,1085,False,True
77,126000,110,0,1600,5,1050,False,True
34,65345,97,0,1400,5,1060,False,True
65,114383,90,0,2000,3,1260,True,False
78,71186,110,0,1600,3,1050,False,True
78,180378,72,0,2000,4,1100,True,False
62,125175,116,0,2000,5,1150,True,False
28,30993,110,0,1600,5,1130,False,True
72,112000,86,0,1300,3,1015,False,True
46,33021,110,0,1600,5,1080,False,True
65,59000,110,0,1600,3,1050,False,True
40,80425,90,0,2000,5,1205,True,False
58,54000,86,0,1300,5,1035,False,True
60,89576,110,0,1600,4,1035,False,True
56,47211,110,0,1600,5,1070,False,True
62,64966,86,0,1300,3,1020,False,True
68,84976,110,0,1600,4,1035,False,True
28,8537,110,0,1600,5,1130,False,True
77,71900,86,0,1300,3,1015,False,True
68,54875,110,0,1600,5,1070,False,True
59,67010,110,0,1600,3,1065,False,True
76,83405,110,0,1600,5,1070,False,True
77,71825,110,0,1600,5,1075,False,True
66,15110,86,0,1300,5,1035,False,True
80,62581,110,0,1600,5,1075,False,True
66,58113,107,1,1600,3,1085,False,True
34,48011,110,0,1600,4,1030,False,True
67,52800,86,0,1300,3,1015,False,True
41,24000,97,0,1400,3,1025,False,True
24,41711,90,0,2000,3,1165,True,False
27,94612,90,0,2000,3,1245,True,False
44,38461,110,0,1600,5,1080,False,True
68,155720,86,0,1300,3,1015,False,True
65,64772,110,0,1600,3,1050,False,True
79,40093,110,0,1600,5,1114,False,True
33,77321,110,0,1600,5,1075,False,True
60,130270,110,0,1600,3,1050,False,True
29,41415,110,0,1600,3,1120,False,True
80,70939,110,1,1600,5,1100,False,True
61,63000,86,1,1300,3,1050,False,True
59,137050,110,0,1600,3,1078,False,False
65,36000,86,0,1300,3,1015,False,True
62,80265,86,0,1300,3,1015,False,True
68,77008,86,0,1300,3,1015,False,True
38,53000,110,0,1600,5,1075,False,True
25,28450,110,0,1600,3,1120,False,True
33,31000,110,0,1600,5,1075,False,True
56,35230,97,0,1400,3,1025,False,True
22,75048,97,0,1400,5,1110,False,True
14,11500,110,0,1600,3,1045,False,True
33,27240,110,0,1600,5,1075,False,True
32,45725,110,0,1600,5,1075,False,True
78,159968,72,0,2000,3,1115,True,False
40,78425,110,0,1600,5,1075,False,True
13,57037,110,0,1600,5,1115,False,True
67,54847,110,0,1600,3,1050,False,True
66,45000,86,0,1300,5,1035,False,True
28,28817,110,0,1598,5,1130,False,True
68,90727,110,0,1600,3,1050,False,True
62,112000,72,0,2000,4,1135,True,False
23,84000,90,0,2000,5,1270,True,False
78,87000,110,0,1600,4,1035,False,True
49,49568,110,0,1600,3,1105,False,True
60,74337,86,0,1300,5,1035,False,True
78,57628,110,0,1600,5,1075,False,True
60,55085,107,1,1600,5,1105,False,True
52,47689,110,0,1600,5,1075,False,True
58,205000,72,0,2000,4,1100,True,False
55,68520,72,0,2000,3,1115,True,False
66,81250,110,0,1600,3,1050,False,True
76,84472,110,0,1600,5,1070,False,True
64,91333,110,0,1600,3,1050,False,True
74,68285,110,0,1600,3,1050,False,True
22,37400,97,0,1400,5,1110,False,True
16,34472,90,0,1995,3,1260,True,False
71,139145,73,0,2000,2,1115,True,False
41,123425,69,0,1900,5,1140,True,False
35,46304,97,0,1400,5,1060,False,True
41,24475,110,0,1600,5,1030,False,True
50,50400,110,0,1600,5,1080,False,True
65,82000,86,0,1300,3,1015,False,True
65,93408,86,0,1300,3,1015,False,True
2,225,97,0,1400,5,1110,False,True
4,4000,116,0,2000,5,1480,True,False
64,41200,110,0,1600,5,1070,False,True
78,130000,86,0,1300,5,1015,False,True
43,89968,69,0,1900,5,1140,True,False
68,61504,110,0,1600,4,1035,False,True
26,56000,110,1,1600,5,1180,False,True
47,45850,97,0,1400,5,1060,False,True
66,58654,110,0,1600,5,1070,False,True
60,70453,72,0,2000,5,1135,True,False
77,114258,86,0,1300,5,1050,False,True
61,97648,110,0,1600,3,1065,False,True
2,15,110,0,1600,5,1130,False,True
13,25170,110,0,1600,5,1105,False,True
59,61127,110,0,1600,3,1050,False,True
25,20019,110,1,16000,5,1180,False,True
71,98154,110,0,1600,3,1050,False,True
19,13748,97,0,1400,3,1100,False,True
54,46230,110,0,1600,3,1055,False,True
57,102300,72,0,2000,5,1135,True,False
48,63000,69,0,1900,5,1140,True,False
14,6000,110,0,1600,5,1130,False,True
43,55539,110,0,1600,5,1085,False,True
42,38932,110,0,1600,3,1040,False,True
55,74715,110,0,1600,5,1080,False,True
68,91505,72,0,2000,3,1115,True,False
34,32431,97,0,1400,5,1060,False,True
19,25948,97,0,1400,3,1100,False,True
78,217764,72,0,2000,5,1135,True,False
70,85000,110,0,1600,3,1055,False,True
13,18000,71,0,1400,3,1125,False,True
49,80090,97,0,1400,3,1030,False,True
80,58000,110,0,1600,3,1055,False,True
76,73116,110,0,1600,5,1075,False,True
76,67266,86,0,1300,5,1035,False,True
77,70932,110,0,1600,3,1050,False,True
43,39650,110,0,1600,3,1055,False,True
70,87000,110,0,1600,4,1035,False,True
73,84988,110,0,1600,3,1050,False,True
48,140700,69,0,1900,5,1110,True,False
38,60829,110,0,1600,5,1075,False,True
78,90011,86,1,1300,3,1045,False,True
61,38019,110,0,1600,5,1070,False,True
41,39439,97,0,1400,5,1060,False,True
7,1,110,0,1600,3,1105,False,True
79,98742,110,0,1600,5,1085,False,True
67,104000,86,0,1300,3,1020,False,True
42,55400,110,0,1600,5,1075,False,True
74,203254,72,0,2000,3,1135,True,False
62,26000,107,1,1600,3,1085,False,True
32,29198,97,0,1400,5,1060,False,True
20,31850,110,0,1600,3,1120,False,True
69,53809,110,0,1600,3,1050,False,True
26,32692,97,0,1400,3,1100,False,True
70,178800,72,0,2000,3,1115,True,False
56,74500,97,0,1400,3,1025,False,True
50,74849,110,1,1600,4,1060,False,True
65,71317,110,0,1600,3,1050,False,True
69,20544,86,0,1300,3,1025,False,True
58,47171,86,0,1300,3,1015,False,True
77,78435,86,0,1300,3,1015,False,True
27,23489,110,0,1600,5,1115,False,True
25,15414,97,0,1400,5,1110,False,True
79,39800,107,1,1600,3,1080,False,True
25,17003,97,0,1400,5,1110,False,True
54,71276,110,0,1600,5,1080,False,True
73,52000,110,1,1600,4,1065,False,True
63,103400,110,0,1600,5,1075,False,True
63,59000,110,0,1600,3,1050,False,True
57,28000,86,0,1300,3,1015,False,True
47,78785,110,0,1600,5,1119,False,False
64,118000,72,0,2000,5,1150,True,False
65,33000,110,0,1600,3,1050,False,True
68,68865,110,0,1600,3,1065,False,True
80,102300,86,0,1300,3,1015,False,True
52,104805,97,0,1400,3,1025,False,True
78,78689,110,0,1600,4,1035,False,True
71,78260,110,0,1600,3,1050,False,True
69,89096,110,0,1600,5,1085,False,True
11,14635,110,1,1600,3,1155,False,True
67,174833,72,0,2000,4,1100,True,False
62,50000,110,0,1600,5,1075,False,True
73,56566,110,0,1600,3,1050,False,True
64,65000,110,0,1600,3,1050,False,True
31,36544,110,0,1600,5,1130,False,True
40,45886,110,0,1600,5,1080,False,True
78,109263,110,0,1600,5,1070,False,True
44,59000,110,1,1600,5,1110,False,True
44,71793,110,0,1600,4,1067,False,False
16,20105,97,0,1400,5,1110,False,True
77,62595,110,0,1600,3,1050,False,True
33,16512,97,0,1400,5,1085,False,True
20,63000,90,0,2000,5,1255,True,False
79,138500,86,0,1300,5,1050,False,True
33,55350,110,0,1600,5,1075,False,True
76,53133,110,0,1600,5,1070,False,True
23,71138,69,0,1900,3,1105,True,False
49,74494,110,0,1600,5,1075,False,True
61,92498,110,0,1600,3,1050,False,True
42,53350,110,0,1600,5,1075,False,True
50,22648,97,0,1400,5,1060,False,True
54,138394,69,0,1900,4,1095,True,False
77,62285,110,0,1600,5,1075,False,True
74,101000,86,0,1300,3,1015,False,True
54,40325,86,0,1300,5,1045,False,True
69,83133,86,0,1300,3,1015,False,True
78,69000,110,0,1600,5,1075,False,True
55,69813,97,0,1400,3,1025,False,True
61,88127,86,0,1300,3,1015,False,True
74,66718,110,0,1600,3,1050,False,True
15,20270,110,0,1600,5,1130,False,True
47,57500,110,0,1600,4,1105,False,True
76,183277,72,0,2000,3,1115,True,False
68,83000,107,1,1600,5,1100,False,True
78,65500,86,0,1300,3,1015,False,True
62,85000,110,0,1600,3,1050,False,True
52,46449,110,0,1600,4,1035,False,True
7,6250,110,0,1600,5,1115,False,True
80,52700,110,0,1600,3,1050,False,True
67,95750,110,0,1600,5,1070,False,True
65,64630,110,0,1600,5,1070,False,True
63,45000,110,0,1600,4,1035,False,True
59,65463,110,0,1600,5,1070,False,True
67,70000,107,1,1587,3,1065,False,True
78,24000,86,1,1300,5,1065,False,True
30,75889,90,0,2000,3,1245,True,False
78,161775,86,0,1300,3,1015,False,True
67,108793,110,0,1600,4,1035,False,True
71,120000,110,0,1600,5,1085,False,True
33,24650,110,0,1600,3,1055,False,True
68,53000,86,0,1300,3,1015,False,True
43,33113,110,0,1600,5,1075,False,True
64,43000,86,0,1300,3,1015,False,True
76,124591,110,0,1600,5,1075,False,True
76,154900,72,0,2000,5,1140,True,False
44,52000,97,0,1400,3,1025,False,True
72,110634,86,0,1300,3,1015,False,True
40,17051,97,0,1400,5,1060,False,True
77,172980,72,0,2000,5,1135,True,False
63,65896,110,0,1600,3,1065,False,True
13,21428,110,0,1600,5,1130,False,True
52,49432,110,0,1600,3,1050,False,True
80,128351,110,0,1600,5,1070,False,True
67,57000,110,0,1600,3,1050,False,True
69,146304,72,0,2000,3,1115,True,False
75,58341,86,1,1300,4,1030,False,True
54,77270,110,0,1600,4,1035,False,True
54,47852,110,0,1600,4,1030,False,True
74,100732,86,1,1300,4,1030,False,True
35,65988,110,0,1600,3,1040,False,True
61,50173,110,0,1600,5,1075,False,True
42,64564,110,0,1600,5,1080,False,True
74,84123,110,0,1600,3,1050,False,True
76,81930,110,0,1600,5,1070,False,True
34,78677,110,1,1600,5,1105,False,True
30,22000,97,0,1400,5,1110,False,True
19,18328,110,0,1600,5,1130,False,True
70,81663,110,0,1600,3,1050,False,True
62,105000,86,0,1300,5,1040,False,True
74,121900,110,0,1600,4,1035,False,True
63,41586,110,0,1600,5,1114,False,True
77,61906,86,1,1300,5,1065,False,True
13,29371,110,0,1600,4,1105,False,True
71,115157,110,0,1600,3,1050,False,True
50,102030,97,0,1400,5,1060,False,True
62,53285,110,0,1600,5,1075,False,True
55,54900,97,0,1400,5,1060,False,True
75,107000,110,0,1600,3,1050,False,True
48,56675,97,0,1400,3,1025,False,True
64,52968,110,0,1600,3,1050,False,True
38,28150,110,0,1600,5,1075,False,True
53,143513,69,0,1900,5,1140,True,False
23,46986,90,0,2000,3,1165,True,False
39,24444,110,0,1600,3,1040,False,True
76,60000,110,0,1600,3,1050,False,True
54,64000,97,0,1400,3,1025,False,True
80,84000,110,0,1600,5,1075,False,True
26,43000,97,0,1400,5,1110,False,True
59,121626,86,0,1300,5,1050,False,True
72,78120,110,0,1600,5,1075,False,True
68,44458,86,0,1300,3,1015,False,True
68,62292,110,0,1600,3,1065,False,True
8,10077,97,0,1400,5,1110,False,True
50,73634,110,0,1587,5,1075,False,True
16,36000,110,0,1600,5,1130,False,True
80,137178,90,0,2000,5,1135,True,False
48,48071,97,0,1400,3,1025,False,True
58,91000,110,0,1600,5,1075,False,True
20,48110,97,0,1400,3,1100,False,True
69,52000,110,0,1600,3,1050,False,True
7,450,97,0,1400,5,1110,False,True
63,57000,86,0,1300,5,1035,False,True
67,75429,110,0,1600,3,1065,False,True
49,97600,110,0,1600,3,1045,False,True
43,54600,110,0,1600,4,1030,False,True
25,29719,97,0,1400,5,1110,False,True
64,73376,110,0,1600,5,1070,False,True
20,29797,97,0,1400,5,1110,False,True
37,39757,110,0,1600,5,1075,False,True
61,54000,110,0,1600,3,1055,False,True
42,33623,97,0,1400,3,1025,False,True
73,47360,86,0,1300,3,1010,False,True
69,156204,72,0,2000,3,1115,True,False
53,57948,97,0,1400,3,1025,False,True
58,55478,86,0,1300,5,1045,False,True
63,68153,110,0,1600,5,1085,False,True
38,22865,110,0,1600,5,1075,False,True
52,58596,110,0,1600,3,1045,False,True
78,43622,86,0,1300,4,1000,False,True
43,30742,110,0,1600,3,1040,False,True
53,90200,97,0,1400,3,1025,False,True
11,6155,97,0,1400,5,1110,False,True
28,44142,110,0,1600,3,1120,False,True
55,52141,110,0,1600,5,1070,False,True
40,130062,69,0,1900,5,1140,True,False
61,59000,110,0,1600,5,1070,False,True
73,70482,110,0,1600,5,1075,False,True
80,70597,107,1,1600,3,1080,False,True
9,1,98,0,1400,4,1065,False,True
60,40000,86,0,1300,4,1000,False,True
63,115000,110,0,1600,3,1109,False,False
8,10000,97,0,1400,5,1110,False,True
48,50967,97,0,1400,5,1060,False,True
77,98000,110,0,1600,5,1065,False,True
60,43426,110,0,1600,5,1070,False,True
54,60239,110,0,1600,5,1075,False,True
23,28227,97,0,1400,5,1110,False,True
75,89507,86,0,1300,3,1015,False,True
52,29500,110,0,1600,3,1055,False,True
61,80714,110,0,1600,5,1075,False,True
59,112827,86,0,1300,5,1040,False,True
61,66259,110,0,1600,3,1065,False,True
41,61000,110,0,1600,5,1075,False,True
60,85000,86,0,1300,3,1025,False,True
33,78108,90,0,2000,3,1170,True,False
9,7650,110,0,1600,5,1115,False,True
19,29441,97,0,1400,5,1110,False,True
71,72128,107,1,1600,5,1100,False,True
40,73042,110,0,1598,5,1075,False,True
80,94447,110,0,1600,3,1050,False,True
1,1,110,0,1600,5,1075,False,True
27,44068,97,0,1400,3,1100,False,True
61,97425,110,0,1600,5,1075,False,True
20,7187,110,0,1600,3,1105,False,True
32,25329,97,0,1400,3,1100,False,True
52,36000,110,0,1600,5,1075,False,True
60,58269,110,0,1600,3,1050,False,True
72,86860,110,0,1600,5,1075,False,True
79,55425,110,0,1600,5,1075,False,True
56,62751,110,0,1600,3,1050,False,True
52,66527,110,0,1600,5,1080,False,True
60,61100,86,0,1300,3,1015,False,True
29,25813,110,0,1600,3,1120,False,True
59,56259,86,0,1300,3,1015,False,True
69,97000,110,0,1600,4,1035,False,True
22,30000,110,0,2000,5,1275,True,False
58,61343,110,0,1600,5,1075,False,True
73,87000,86,0,1300,3,1015,False,True
35,21904,97,0,1400,3,1025,False,True
54,55877,110,0,1600,5,1075,False,True
68,65400,86,0,1300,4,1000,False,True
72,75840,86,0,1300,5,1035,False,True
55,150000,110,0,1600,3,1075,False,False
65,84558,110,0,1600,5,1120,False,True
64,89145,86,0,1300,3,1025,False,True
71,74000,110,0,1600,3,1050,False,True
50,72242,110,1,1600,3,1070,False,True
39,50000,97,0,1400,5,1060,False,True
23,28000,110,0,1600,5,1115,False,True
58,58000,110,0,1600,3,1050,False,True
42,61300,97,0,1400,3,1030,False,True
48,75045,110,0,1600,3,1055,False,True
48,119742,110,0,1600,5,1080,False,True
67,155500,110,0,1600,5,1050,False,True
8,7000,110,0,1600,5,1115,False,True
24,25563,110,0,1600,3,1065,False,True
78,75323,86,0,1300,5,1050,False,True
71,59164,110,0,1600,4,1035,False,True
44,29716,110,1,1600,3,1070,False,True
67,49585,110,0,1600,5,1085,False,True
62,61930,110,0,1600,4,1035,False,True
56,19313,97,0,1400,3,1025,False,True
27,37177,110,0,1600,5,1130,False,True
73,87358,110,0,1600,3,1050,False,True
35,48052,69,0,1900,3,1105,True,False
79,99397,86,0,1300,5,1035,False,True
67,62316,110,0,1600,3,1050,False,True
75,150000,72,0,2000,3,1135,True,False
79,61165,107,1,1600,3,1080,False,True
43,46515,97,0,1400,5,1025,False,True
74,120196,110,0,1600,3,1050,False,True
66,97046,86,0,1300,4,1000,False,True
37,21500,110,0,1600,5,1030,False,True
80,66843,110,0,1600,5,1075,False,True
25,25000,97,0,1400,3,1100,False,True
62,84549,110,0,1600,5,1075,False,True
77,60000,110,0,1600,3,1050,False,True
61,110853,110,0,1600,5,1070,False,True
57,31307,110,0,1600,5,1070,False,True
76,59815,110,0,1587,3,1055,False,True
55,44537,97,0,1400,3,1025,False,True
73,103121,86,0,1300,5,1035,False,True
59,98658,86,0,1300,3,1020,False,True
67,83560,86,0,1300,3,1015,False,True
44,158320,69,0,1800,5,1110,True,False
62,57179,110,0,1600,5,1075,False,True
54,71725,110,0,1600,4,1035,False,True
65,63000,86,1,1300,5,1065,False,True
56,129155,69,0,1800,5,1110,True,False
58,103458,86,0,1300,3,1025,False,True
60,80000,86,0,1300,5,1015,False,True
74,42317,107,1,1600,5,1100,False,True
59,86871,86,0,1300,5,1040,False,True
55,94122,86,0,1300,3,1015,False,True
38,16000,97,0,1400,5,1060,False,True
48,98100,69,0,1900,5,1140,True,False
28,28000,110,0,1600,5,1130,False,True
74,61700,110,0,1600,5,1070,False,True
72,106108,110,0,1600,3,1050,False,True
51,57645,110,0,1600,5,1080,False,True
68,69103,110,0,1600,4,1035,False,True
37,118217,110,0,1600,5,1075,False,True
71,120474,72,0,2000,3,1115,True,False
62,147636,72,0,2000,5,1135,True,False
7,10000,116,0,2000,5,1270,True,False
54,96100,110,0,1600,5,1080,False,True
50,1,90,0,2000,3,1260,True,False
62,47750,86,0,1300,5,1040,False,True
63,57124,110,0,1600,3,1065,False,True
68,204250,72,0,2000,3,1115,True,False
69,57096,86,0,1300,3,1025,False,True
19,50005,110,0,2000,3,1265,True,False
65,65513,110,1,1600,4,1070,False,True
74,124910,72,0,2000,5,1135,True,False
75,57144,110,0,1600,5,1070,False,True
59,80430,110,0,1600,3,1065,False,True
56,58142,110,0,1600,5,1080,False,True
72,19000,86,0,1300,3,1015,False,True
74,56132,110,0,1600,4,1035,False,True
80,105135,110,0,1600,3,1050,False,True
70,91900,86,0,1300,3,1015,False,True
22,43610,192,0,1800,3,1185,False,True
53,117913,69,0,1900,5,1110,True,False
41,45287,110,0,1600,5,1075,False,True
50,40400,97,0,1400,5,1060,False,True
22,46961,97,0,1400,3,1100,False,True
68,66550,86,0,1332,3,1010,False,True
14,5278,110,1,1600,4,1150,False,True
51,96135,72,0,2000,3,1115,True,False
46,34000,110,0,1600,5,1075,False,True
65,68000,86,0,1300,3,1015,False,True
34,49291,110,0,1600,3,1040,False,True
73,134539,110,0,1600,5,1070,False,True
49,86221,110,0,1600,3,1045,False,True
64,98291,86,0,1300,4,1000,False,True
79,93090,86,0,1300,5,1035,False,True
70,85470,107,1,1600,3,1080,False,True
50,45900,110,0,1600,5,1075,False,True
77,61648,110,0,1600,5,1070,False,True
68,104000,86,0,1300,3,1015,False,True
65,98500,110,0,1600,5,1075,False,True
65,58829,110,0,1600,3,1050,False,True
75,52000,110,0,1600,5,1075,False,True
60,65259,110,0,1600,3,1050,False,True
76,45410,86,0,1300,5,1035,False,True
16,11754,110,1,1600,5,1180,False,True
61,60532,110,0,1600,3,1050,False,True
61,44597,86,0,1300,3,1015,False,True
76,104344,110,0,1600,3,1050,False,True
44,52084,97,0,1400,3,1025,False,True
76,115345,110,0,1600,5,1070,False,True
35,32000,110,0,1600,3,1040,False,True
70,61000,110,0,1600,4,1035,False,True
55,52149,97,0,1400,3,1085,False,True
62,35512,110,0,1600,3,1065,False,True
59,78750,90,0,1975,5,1155,True,False
77,75799,110,0,1600,3,1050,False,True
65,80000,86,0,1300,2,1015,False,True
78,176000,86,0,1300,5,1035,False,True
51,50000,86,0,1300,5,1045,False,True
28,56349,110,0,1600,3,1120,False,True
39,24723,110,1,1600,4,1060,False,True
80,85565,110,0,1600,5,1070,False,True
41,29716,116,0,1600,5,1075,False,True
50,82735,97,0,1400,3,1030,False,True
56,65000,110,0,1600,5,1075,False,True
41,75697,97,0,1400,3,1025,False,True
64,58136,110,0,1600,5,1075,False,True
80,63500,110,0,1600,3,1050,False,True
63,36923,86,0,1300,5,1050,False,True
71,48576,86,0,1300,3,1015,False,True
20,33329,97,0,1400,3,1100,False,True
62,37000,86,0,1300,3,1015,False,True
60,96000,72,0,2000,4,1100,True,False
67,42102,110,0,1600,5,1075,False,True
12,13634,110,0,1600,5,1115,False,True
77,80486,110,0,1600,5,1070,False,True
70,16916,86,0,1300,3,1015,False,True
62,75000,110,0,1600,5,1070,False,True
49,31999,97,0,1400,3,1030,False,True
65,93428,110,0,1600,5,1075,False,True
78,87743,110,0,1600,3,1055,False,True
54,61000,69,0,2000,5,1140,True,False
50,39706,110,0,1600,5,1080,False,True
61,73894,110,0,1600,3,1065,False,True
51,53268,110,0,1600,5,1080,False,True
66,126452,110,0,1600,5,1085,False,True
78,73638,86,1,1300,4,1015,False,True
66,74963,107,1,1600,3,1085,False,True
8,10841,90,0,2000,5,1270,True,False
64,82723,86,0,1300,3,1015,False,True
63,68453,110,0,1600,5,1070,False,True
17,57313,110,0,2000,5,1275,True,False
67,113118,86,0,1300,3,1020,False,True
68,125000,72,0,2000,3,1115,True,False
44,21027,110,0,1600,5,1080,False,True
40,48952,90,0,2000,5,1205,True,False
59,113700,110,0,1600,5,1065,False,True
57,55000,110,0,1600,5,1075,False,True
65,70068,110,0,1600,5,1075,False,True
58,63870,72,0,2000,5,1135,True,False
27,79375,90,0,2000,5,1255,True,False
78,82675,86,0,1300,3,1015,False,True
58,43000,110,1,1600,4,1114,False,False
66,62135,86,0,1300,5,1035,False,True
67,77821,110,0,1600,5,1075,False,True
30,38500,90,0,2000,3,1170,True,False
62,39000,110,0,1600,5,1075,False,True
69,79000,86,0,1300,3,1015,False,True
40,50640,110,0,1600,5,1075,False,True
74,106250,110,0,1600,5,1070,False,True
79,68945,110,0,1600,5,1085,False,True
54,75231,110,0,1600,5,1080,False,True
66,39144,110,0,1600,3,1050,False,True
80,143560,86,1,1300,3,1045,False,True
67,67110,86,0,1300,5,1035,False,True
80,73200,110,0,1600,5,1070,False,True
44,39516,97,0,1400,5,1060,False,True
80,110887,110,0,1600,3,1055,False,True
39,37782,97,0,1400,5,1060,False,True
14,17896,110,1,1600,4,1150,False,True
49,34890,97,0,1400,3,1025,False,True
22,62636,90,0,2000,5,1255,True,False
73,111602,86,0,1300,3,1015,False,True
59,87654,86,1,1300,5,1065,False,True
65,68000,110,0,1600,5,1075,False,True
50,65471,97,0,1400,5,1060,False,True
68,47500,86,0,1300,5,1035,False,True
64,114846,110,0,1600,5,1075,False,True
54,115558,110,0,1600,4,1035,False,True
51,53408,110,0,1600,5,1080,False,True
40,36566,110,0,1600,5,1090,False,True
30,64359,110,0,1600,3,1105,False,True
68,101001,110,0,1600,5,1075,False,True
26,43000,97,0,1400,3,1100,False,True
63,59000,86,0,1300,5,1035,False,True
67,69000,110,0,1600,3,1065,False,True
78,72222,110,0,1600,5,1070,False,True
47,102352,110,0,1600,5,1080,False,True
61,57169,110,0,1600,3,1065,False,True
54,46856,97,0,1400,5,1060,False,True
65,80086,110,0,1600,4,1035,False,True
80,160000,86,0,1300,3,1015,False,True
39,56001,110,0,1600,5,1075,False,True
61,75609,86,0,1300,3,1015,False,True
53,60558,110,0,1600,4,1105,False,True
13,13178,110,0,1600,5,1130,False,True
59,50469,110,0,1600,5,1070,False,True
68,65000,110,0,1600,5,1070,False,True
64,133769,72,0,2000,3,1120,True,False
61,100748,110,0,1600,5,1070,False,True
49,36000,110,0,1600,5,1080,False,True
70,57829,110,0,1600,3,1050,False,True
24,21716,110,0,1600,3,1105,False,True
20,35000,97,0,1400,5,1110,False,True
67,56074,86,0,1300,4,1000,False,True
57,45000,110,0,1600,5,1050,False,True
80,44444,110,0,1600,3,1050,False,True
40,161000,69,0,1900,3,1105,True,False
68,43000,110,0,1600,5,1035,False,True
78,47400,86,0,1300,5,1040,False,True
76,89520,110,0,1600,3,1050,False,True
59,190900,72,0,2000,3,1115,True,False
7,2000,110,0,1600,5,1075,False,True
41,39659,110,0,1600,3,1045,False,True
54,58530,110,0,1600,5,1075,False,True
78,82595,86,0,1300,3,1015,False,True
72,88500,110,0,1600,5,1075,False,True
74,88700,110,0,1600,3,1050,False,True
56,52000,97,0,1400,3,1025,False,True
69,155000,72,0,2000,3,1115,True,False
54,63792,110,0,1600,5,1075,False,True
11,12500,110,0,1600,5,1115,False,True
30,34000,192,0,1800,3,1185,False,True
71,151000,110,0,1600,5,1094,False,False
56,45336,110,0,1600,5,1080,False,True
68,112116,110,0,1600,5,1070,False,True
79,95000,86,0,1300,5,1035,False,True
64,34114,110,0,1600,3,1050,False,True
73,88186,72,0,2000,3,1115,True,False
61,50925,110,0,1600,5,1070,False,True
70,60600,86,0,1300,3,1060,False,True
40,45600,110,1,1600,5,1105,False,True
68,74308,110,0,1600,3,1050,False,True
38,67805,110,0,1600,5,1075,False,True
27,34545,110,0,1600,3,1120,False,True
48,78600,110,0,1600,5,1075,False,True
73,34717,86,0,1300,3,1015,False,True
36,63459,97,0,1400,5,1060,False,True
23,10000,97,0,1400,3,1100,False,True
66,81083,86,0,1300,3,1015,False,True
79,218118,72,0,2000,5,1150,True,False
54,66063,110,0,1600,5,1090,False,True
80,83540,110,0,1600,5,1070,False,True
76,43532,110,0,1600,5,1070,False,True
67,99781,110,0,1600,5,1085,False,True
80,66880,110,0,1600,3,1055,False,True
66,120000,72,0,2000,4,1100,True,False
80,82021,86,0,1300,5,1035,False,True
72,99245,110,0,1600,5,1114,False,True
79,89739,86,0,1300,5,1035,False,True
76,70039,110,0,1600,3,1050,False,True
67,73936,86,0,1300,5,1050,False,True
16,11000,110,0,1600,4,1105,False,True
58,51421,110,1,1600,5,1105,False,True
64,70116,110,0,1600,4,1035,False,True
70,85864,72,0,2000,5,1135,True,False
58,62024,110,0,1600,5,1075,False,True
67,58058,110,0,1600,3,1065,False,True
10,13747,97,0,1400,5,1110,False,True
75,67451,86,0,1300,4,1000,False,True
46,53700,97,0,1400,5,1060,False,True
72,105856,86,0,1300,3,1015,False,True
75,88000,110,0,1600,3,1050,False,True
11,16123,110,0,1600,3,1105,False,True
55,29650,86,0,1300,3,1025,False,True
69,74573,110,0,1600,5,1085,False,True
75,102005,107,1,1600,5,1105,False,True
27,49866,192,0,1800,5,1195,False,True
19,17038,110,0,1600,5,1130,False,True
49,107859,97,0,1400,5,1060,False,True
69,49640,110,0,1600,4,1035,False,True
43,85017,97,0,1400,5,1060,False,True
80,59326,110,0,1600,5,1085,False,True
80,111392,110,0,1598,3,1083,False,False
27,19700,192,0,1800,3,1185,False,True
65,36000,110,0,1600,3,1065,False,True
79,72328,110,0,1600,5,1075,False,True
71,164000,110,0,1600,3,1050,False,True
49,73175,97,0,1400,3,1030,False,True
42,53719,110,1,1600,5,1105,False,True
67,60000,86,1,1300,4,1030,False,True
75,74096,110,0,1600,3,1050,False,True
57,61682,110,0,1600,3,1050,False,True
69,60050,110,0,1600,3,1050,False,True
61,136956,110,0,1600,3,1065,False,True
41,28571,110,0,1600,5,1090,False,True
71,83291,110,0,1600,5,1070,False,True
41,50856,110,0,1600,4,1030,False,True
20,17300,97,0,1400,5,1110,False,True
52,65170,97,0,1400,3,1025,False,True
68,119541,110,0,1600,3,1055,False,True
78,36000,110,0,1600,3,1050,False,True
72,60483,110,0,1600,5,1075,False,True
49,41710,110,0,1600,3,1040,False,True
63,55942,110,0,1600,5,1070,False,True
56,61000,110,0,1600,3,1050,False,True
72,71054,86,1,1300,3,1045,False,True
79,95700,110,0,1600,5,1085,False,True
20,20000,110,1,1600,5,1165,False,True
56,113997,72,0,2000,5,1135,True,False
61,52112,110,0,1600,4,1035,False,True
70,61510,110,0,1600,4,1035,False,True
66,112000,110,0,1600,3,1065,False,True
47,69000,69,0,1900,5,1140,True,False
43,243000,69,0,1900,3,1110,True,False
75,101159,110,0,1600,5,1085,False,True
73,84402,110,0,1600,4,1035,False,True
65,176184,72,0,2000,3,1115,True,False
16,20629,110,0,1600,4,1090,False,True
57,80470,110,0,1600,5,1085,False,True
57,45000,110,0,1600,3,1050,False,True
39,108847,90,0,2000,5,1205,True,False
65,61384,110,0,1600,3,1050,False,True
38,46327,110,0,1600,3,1055,False,True
33,42823,110,0,1600,5,1075,False,True
80,69904,110,0,1600,5,1070,False,True
53,115113,97,0,1400,3,1025,False,True
14,40010,110,0,1600,5,1115,False,True
72,87083,110,0,1600,4,1035,False,True
42,92204,110,0,1600,5,1075,False,True
67,67762,110,0,1600,3,1065,False,True
42,55968,110,0,1600,3,1050,False,True
74,58454,86,0,1300,3,1015,False,True
76,60833,110,0,1600,4,1035,False,True
75,100192,110,0,1600,3,1050,False,True
54,149329,72,0,2000,5,1135,True,False
76,49170,86,0,1300,3,1045,False,True
57,65000,110,0,1600,4,1035,False,True
38,74319,110,0,1600,5,1075,False,True
68,119500,110,0,1600,5,1070,False,True
23,72937,90,0,2000,3,1165,True,False
8,13253,116,0,2000,5,1320,True,False
61,95147,110,0,1600,3,1050,False,True
75,57537,86,0,1300,5,1050,False,True
57,52548,110,0,1600,3,1050,False,True
72,75525,110,0,1600,3,1114,False,True
79,71359,110,0,1600,3,1050,False,True
50,76167,97,0,1400,5,1060,False,True
77,105152,86,0,1300,3,1015,False,True
76,76268,86,0,1300,3,1015,False,True
68,110287,110,0,1600,3,1050,False,True
70,68000,86,1,1300,3,1045,False,True
73,76151,86,0,1300,3,1015,False,True
80,74196,110,0,1600,5,1075,False,True
38,37320,97,0,1400,3,1025,False,True
64,116000,86,0,1300,5,1045,False,True
65,92226,110,0,1600,3,1065,False,True
66,47237,110,0,1600,3,1050,False,True
65,132807,72,0,2000,5,1135,True,False
67,126800,72,0,2000,5,1135,True,False
74,78894,110,0,1600,5,1070,False,True
70,47955,110,0,1600,5,1070,False,True
78,77000,110,0,1600,3,1050,False,True
80,65950,110,0,1600,5,1070,False,True
62,74457,110,0,1600,5,1075,False,True
68,117955,110,1,1600,4,1065,False,True
66,36658,110,0,1600,3,1050,False,True
47,40361,110,0,1600,5,1090,False,True
68,101889,110,0,1600,5,1075,False,True
56,33998,110,0,1600,5,1080,False,True
76,120263,72,0,2000,5,1135,True,False
71,75085,86,0,1300,5,1035,False,True
80,92096,86,0,1300,5,1035,False,True
51,49473,110,0,1600,3,1055,False,True
77,170000,72,0,2000,4,1100,True,False
47,46391,110,0,1600,5,1075,False,True
78,89953,110,0,1600,5,1114,False,True
61,81170,110,0,1600,4,1040,False,True
79,65254,86,0,1300,3,1015,False,True
54,62519,97,0,1400,3,1025,False,True
17,30351,90,0,1995,3,1260,True,False
58,34000,110,0,1600,5,1075,False,True
51,38403,110,0,1600,3,1055,False,True
79,75322,110,0,1600,4,1115,False,True
58,82254,110,0,1600,5,1050,False,True
60,64383,86,0,1300,3,1015,False,True
68,61100,110,0,1600,5,1075,False,True
66,22835,110,0,1600,3,1050,False,True
40,85389,110,0,1600,5,1075,False,True
49,131364,110,0,1600,5,1075,False,True
60,74720,110,0,1600,5,1085,False,True
65,62396,110,0,1600,3,1050,False,True
47,117430,90,0,2000,3,1165,True,False
61,79000,110,0,1600,3,1050,False,True
70,67100,110,0,1600,5,1075,False,True
71,82000,110,0,1600,5,1075,False,True
68,31000,110,0,1600,4,1035,False,True
68,119289,110,0,1600,4,1035,False,True
59,154783,72,0,2000,3,1120,True,False
66,50806,86,0,1300,3,1480,False,True
65,87821,86,0,1300,3,1015,False,True
63,101469,110,0,1600,3,1065,False,True
11,24500,110,0,1600,3,1120,False,True
64,73300,86,0,1300,3,1015,False,True
51,103018,69,0,1900,5,1140,True,False
53,57475,110,0,1600,3,1040,False,True
70,151300,72,0,2000,5,1150,True,False
73,176177,110,0,1600,5,1075,False,True
57,55844,86,0,1300,5,1045,False,True
66,76791,110,0,1600,5,1070,False,True
44,96829,110,0,1600,5,1075,False,True
20,29000,97,0,1400,5,1110,False,True
80,194765,72,0,2000,3,1120,True,False
22,49059,97,0,1400,3,1100,False,True
68,35000,110,0,1600,3,1050,False,True
44,63451,97,0,1400,3,1025,False,True
53,216000,69,0,1900,3,1110,True,False
44,44218,97,0,1400,5,1060,False,True
55,94401,72,0,2000,3,1115,True,False
52,135258,69,0,1900,5,1140,True,False
47,26221,97,0,1400,3,1025,False,True
80,97548,86,0,1300,5,1035,False,True
77,131307,110,0,1600,3,1050,False,True
68,117000,72,0,2000,3,1115,True,False
80,100458,110,0,1600,5,1085,False,True
54,50000,97,0,1400,3,1025,False,True
27,32809,97,0,1400,5,1110,False,True
32,34131,192,0,1800,3,1185,False,True
77,93000,110,0,1600,5,1075,False,True
74,159908,110,0,1600,3,1050,False,True
51,59000,97,0,1400,3,1025,False,True
51,198167,69,0,1900,4,1095,True,False
38,180638,90,0,2000,4,1160,True,False
67,79762,86,0,1300,3,1015,False,True
33,75699,69,0,1900,3,1105,True,False
68,74889,86,0,1300,3,1015,False,True
77,145996,110,0,1600,4,1035,False,True
60,61977,86,0,1300,3,1015,False,True
41,30989,110,0,1600,3,1045,False,True
68,88807,110,0,1600,3,1050,False,True
38,41754,110,0,1600,3,1040,False,True
65,35283,86,0,1300,3,1015,False,True
80,74151,110,0,1600,3,1050,False,True
53,72000,97,0,1400,3,1025,False,True
71,17016,86,0,1300,3,1015,False,True
63,70908,86,0,1300,5,1035,False,True
39,48945,110,0,1600,3,1040,False,True
68,42750,110,0,1600,3,1050,False,True
40,96518,97,0,1400,3,1025,False,True
17,10000,110,0,1598,5,1105,False,True
68,86714,110,0,1600,4,1035,False,True
54,115046,69,0,1900,5,1140,True,False
63,94504,86,0,1300,4,1000,False,True
71,107516,110,0,1600,3,1050,False,True
54,37000,97,0,1400,3,1025,False,True
68,33847,86,0,1300,4,1000,False,True
65,31588,86,0,1300,3,1015,False,True
80,122820,86,0,1300,5,1040,False,True
44,89757,110,0,1600,3,1045,False,True
22,41000,97,0,1400,3,1100,False,True
65,77500,110,0,1600,3,1050,False,True
50,54465,110,0,1600,5,1075,False,True
80,42186,110,0,1600,3,1050,False,True
20,37500,90,0,2000,3,1260,True,False
69,58952,110,0,1600,3,1050,False,True
66,60000,86,0,1300,3,1015,False,True
56,37461,97,0,1400,3,1025,False,True
80,57787,86,0,1300,3,1015,False,True
63,77457,110,0,1600,3,1055,False,True
38,58363,110,0,1600,3,1055,False,True
31,23000,192,0,1800,3,1185,False,True
41,37533,110,0,1600,5,1075,False,True
47,5309,110,1,1600,3,1070,False,True
48,142130,110,0,1600,5,1119,False,False
79,71263,86,0,1300,3,1015,False,True
14,5459,110,0,1600,5,1130,False,True
68,66785,86,1,1300,3,1045,False,True
30,67660,110,0,1600,3,1105,False,True
65,117609,86,0,1300,3,1015,False,True
80,100123,110,0,1600,3,1050,False,True
63,68238,86,0,1300,5,1050,False,True
73,75000,110,0,1600,5,1075,False,True
47,38900,97,0,1400,3,1025,False,True
74,48242,86,0,1300,5,1035,False,True
65,100550,110,0,1600,5,1075,False,True
61,51235,86,0,1300,4,1000,False,True
43,178858,110,0,1600,3,1084,False,False
65,47014,86,0,1300,3,1015,False,True
68,95000,110,0,1600,3,1050,False,True
52,53561,97,0,1400,5,1060,False,True
76,134889,72,0,2000,3,1115,True,False
48,64193,110,0,1600,3,1040,False,True
68,64950,110,0,1600,5,1075,False,True
65,81192,110,0,1600,3,1065,False,True
43,53773,110,0,1600,5,1075,False,True
29,43905,110,1,1600,3,1170,False,True
75,63634,110,0,1600,4,1035,False,True
53,70239,110,0,1600,3,1040,False,True
72,91921,86,0,1300,3,1020,False,True
39,46821,97,0,1400,5,1060,False,True
58,51712,110,0,1600,3,1050,False,True
80,86000,110,0,1600,3,1050,False,True
51,146736,110,0,1600,5,1080,False,True
58,73172,110,0,1600,5,1075,False,True
41,29056,97,0,1400,5,1060,False,True
68,78521,86,0,1300,3,1015,False,True
77,64280,110,0,1600,4,1035,False,True
20,32627,97,0,1400,5,1110,False,True
62,62377,110,0,1600,5,1075,False,True
76,110901,110,0,1600,5,1085,False,True
77,48838,110,0,1600,3,1055,False,True
20,66966,90,0,2000,3,1245,True,False
41,33000,110,1,1600,5,1075,False,True
75,82256,110,0,1600,3,1050,False,True
46,68414,97,0,1400,3,1025,False,True
19,51099,90,0,2000,5,1255,True,False
73,232940,72,0,2000,5,1172,True,False
76,125778,110,0,1600,3,1050,False,True
73,107108,110,0,1600,3,1050,False,True
80,71740,110,0,1600,5,1070,False,True
63,64690,86,0,1300,3,1020,False,True
80,110000,110,0,1600,4,1035,False,True
