true_label,pred_label,pred_confidence
R,R,0.9954527
M,M,1.0
B,B,0.9990538
P,P,0.9999995
J,J,1.0
L,L,1.0
P,P,0.9871639
G,G,0.9999478
Z,Z,1.0
V,V,0.999724
V,V,0.97006565
S,S,0.99906856
O,O,0.9999964
U,U,0.9999981
X,X,0.9996387
Q,Q,0.9999945
L,L,1.0
S,S,0.99936587
B,B,0.999998
X,X,0.99999785
M,M,1.0
R,R,1.0
M,M,0.9999789
C,C,0.8508081
A,A,1.0
O,O,0.99981874
N,N,0.99990547
L,L,1.0
J,J,0.99999905
Y,Y,0.9980702
U,U,1.0
Y,Y,1.0
Z,T,0.84486204
N,N,0.9999999
U,U,0.99997497
M,M,1.0
T,T,0.99786866
T,T,1.0
D,D,1.0
U,U,1.0
D,D,1.0
U,U,1.0
X,X,0.99919766
B,B,0.9991867
K,K,0.9785221
W,W,1.0
D,D,0.97408843
F,F,0.99999833
I,I,1.0
Q,O,0.9404798
Z,Z,0.9999925
Z,Z,0.9999995
Y,Y,0.9999969
A,A,1.0
H,H,0.999995
L,L,1.0
K,K,0.99992824
Q,Q,0.99999964
X,X,0.9909162
L,S,0.6997603
N,N,0.9974476
E,E,0.98332894
W,W,1.0
Z,Z,0.9975998
X,K,0.9983607
L,L,0.9999608
L,L,1.0
S,S,0.99993753
A,W,0.8826044
M,M,1.0
H,H,0.9920704
G,R,0.4645312
W,W,0.9998599
W,W,1.0
U,U,0.9997986
U,U,0.99882823
N,W,0.5213762
K,K,0.99999523
I,I,1.0
B,B,0.9999999
S,S,0.9878093
H,H,0.98527133
V,V,0.99997187
X,X,0.99999964
K,K,0.9883259
I,I,0.99999535
H,H,0.99771476
O,O,0.98668855
X,X,0.9995436
C,C,1.0
Q,Q,0.9999869
Z,Z,0.99960154
X,X,0.9999839
A,A,1.0
P,P,1.0
I,I,1.0
K,X,0.6087541
J,J,0.8838173
L,L,1.0
O,O,0.99999344
J,J,1.0
Y,Y,0.9997217
E,E,0.9942924
V,V,0.9969812
N,N,0.9999696
X,X,0.99999905
R,R,0.99762756
E,E,0.9999995
D,D,0.99989045
V,V,0.9999964
T,T,1.0
K,K,0.96338606
W,W,0.9999994
L,L,1.0
N,N,1.0
N,N,0.99999833
G,G,0.99956924
V,V,0.99986446
W,W,1.0
D,D,0.9999738
T,T,1.0
U,U,0.99999976
J,J,1.0
X,X,1.0
I,I,0.9991204
K,K,0.97983253
X,X,0.99999976
J,J,0.9999659
I,J,0.5358022
O,O,0.99999774
O,O,0.9995865
Q,Q,0.999997
P,P,1.0
A,A,1.0
N,N,0.99999726
E,E,1.0
B,B,0.99963367
Y,Y,0.99568474
E,E,0.9612626
B,B,0.99971217
U,U,0.99933785
E,E,0.9995602
B,B,0.9887293
J,J,0.75511533
W,W,1.0
N,N,0.9999937
J,J,0.9999213
E,E,1.0
F,F,0.99969184
J,J,0.99999976
K,K,0.9999858
I,I,1.0
M,M,0.96769834
N,N,0.99999917
X,X,1.0
A,A,1.0
M,M,1.0
W,W,0.9999988
P,P,0.99998784
Y,Y,0.9998293
K,K,0.9928201
S,S,0.99999726
S,S,0.99920756
G,G,0.99996865
Y,Y,1.0
S,S,1.0
D,D,0.99999297
P,P,0.99999774
F,F,0.99999976
O,O,0.996738
P,P,0.916916
T,T,0.99999213
W,W,1.0
I,I,0.99999404
X,X,0.99999845
A,A,1.0
E,E,0.99726737
U,U,0.99999046
N,N,0.99999857
T,T,1.0
B,S,0.7056518
W,W,1.0
T,T,0.9998087
C,C,1.0
G,G,0.97660065
E,E,1.0
I,I,0.9999994
O,O,0.9984201
L,L,1.0
I,I,1.0
D,D,0.99993956
Y,Y,1.0
I,I,1.0
I,I,0.99988544
B,B,0.99999344
U,U,1.0
S,S,0.9999449
M,M,0.9999989
K,K,0.9219487
B,B,0.9987207
P,P,0.9999995
Q,Q,0.9948685
K,K,1.0
E,E,0.9998747
Y,Y,0.9976497
E,E,1.0
L,L,1.0
W,W,0.99967873
N,N,0.99998796
P,P,0.99999547
Q,Q,0.99989605
M,M,0.999846
S,S,0.9999944
X,X,0.74529696
O,O,0.9995378
N,N,1.0
A,A,1.0
K,K,0.9999999
U,U,0.92888254
P,P,1.0
F,F,0.98824525
W,W,0.999998
F,F,0.9999918
N,N,0.99987614
N,N,0.9999964
H,H,0.99967694
O,O,0.9777646
X,X,0.99737996
E,E,0.970302
Z,Z,0.8051419
A,A,1.0
R,R,0.99846625
K,K,0.99999964
R,R,0.98073465
Y,Y,0.9996371
L,L,1.0
E,E,0.97456783
W,W,1.0
K,K,0.99999976
W,W,1.0
W,W,1.0
O,O,0.99999833
T,T,0.99995744
J,S,0.8122711
D,H,0.68014145
D,D,1.0
C,C,0.999982
W,W,0.99999917
G,G,0.99992573
J,J,0.99624217
G,G,0.99998975
V,V,0.99998
M,M,1.0
O,O,0.9998216
S,S,1.0
V,B,0.39437783
E,E,0.99764484
G,G,0.9999988
U,U,0.9999975
A,A,0.9999981
J,J,1.0
O,O,0.9999901
U,U,1.0
B,B,0.99962974
V,V,1.0
M,M,1.0
M,M,1.0
F,F,0.999846
B,B,0.99955636
K,K,0.999987
C,C,1.0
U,U,0.99999964
T,T,1.0
Z,Z,0.99977785
M,O,0.5012827
U,U,0.9999995
N,N,0.98614186
L,L,1.0
R,R,0.999998
L,L,0.9999883
F,F,1.0
M,M,1.0
E,E,1.0
L,L,1.0
E,E,0.99999774
O,O,0.9999993
J,J,0.9999994
T,T,1.0
H,H,0.99629176
U,U,1.0
L,L,0.99999106
W,W,0.99998784
N,N,0.9999999
V,V,0.9998921
L,L,0.5459553
P,P,1.0
F,F,1.0
B,B,0.99999714
N,N,0.9907386
K,K,0.99960834
C,C,0.67445177
Z,Z,0.9989298
M,M,1.0
C,C,1.0
T,T,0.99999917
R,R,0.99921143
P,P,1.0
Z,Z,0.9999968
F,F,0.9998473
V,V,0.9801143
D,D,0.9999993
J,J,1.0
C,C,1.0
I,I,1.0
T,T,0.99756217
D,D,0.9999919
F,F,1.0
C,C,1.0
U,U,0.9999844
F,F,0.9999943
K,K,0.99906594
P,P,1.0
G,G,0.9999995
Q,Q,0.9951172
C,C,0.9701802
R,R,0.9939037
M,M,1.0
V,V,0.9985695
V,V,0.99631447
U,U,1.0
I,I,1.0
P,P,0.99999404
N,N,0.99999917
P,P,0.9999995
Q,Q,0.99626404
M,M,0.99999535
X,X,0.99999094
L,L,1.0
Z,Z,1.0
A,A,1.0
G,G,0.9993687
I,I,0.99999547
R,R,0.9950118
W,W,0.9999268
I,I,1.0
S,S,0.38297588
P,P,0.99984646
H,H,0.9956553
K,K,1.0
P,P,1.0
P,P,1.0
G,G,0.9997476
I,I,0.99999416
T,T,0.9507512
F,F,1.0
J,J,0.9972115
L,L,0.96176374
Q,Q,0.9999993
D,D,0.9999913
T,T,1.0
P,P,1.0
Y,Y,1.0
E,E,0.99989617
P,P,0.9999999
A,A,0.99994206
Q,Q,0.9995875
V,V,1.0
V,V,0.99999833
I,I,0.92645735
C,C,0.9999858
I,I,1.0
N,N,0.8218656
X,X,0.99999976
S,S,0.8349524
S,S,0.9998648
V,V,0.99996805
H,D,0.92013663
P,P,0.9999063
H,H,1.0
D,D,0.99999976
N,N,0.9999962
B,B,0.9983228
H,H,0.943978
Q,Q,0.9373206
B,B,0.9999995
L,L,1.0
T,T,1.0
K,K,0.9999999
P,P,0.8292031
C,C,1.0
B,B,0.86591476
D,D,0.9976859
L,L,1.0
V,V,0.99999356
E,E,0.80512667
R,R,0.9934263
N,N,0.9999989
F,T,0.4882112
L,L,1.0
U,U,1.0
M,M,1.0
M,M,1.0
C,C,0.99999535
Q,Q,0.99999976
I,J,0.8307506
T,T,0.99726284
H,H,0.9532601
U,U,1.0
S,S,0.9998934
X,X,0.9993389
E,E,0.9999397
T,T,0.9886368
V,V,0.9899685
U,U,1.0
I,I,0.9999989
F,F,0.9998336
S,S,0.99999416
W,W,1.0
P,P,1.0
A,A,1.0
N,N,0.9999981
U,U,1.0
W,W,1.0
W,W,0.9997403
K,K,0.99998605
W,W,0.9999993
V,V,0.9999999
I,I,1.0
Z,Z,0.9999989
X,X,0.9982304
K,K,1.0
H,H,1.0
Y,Y,1.0
T,T,1.0
C,C,0.9999999
N,N,0.9997305
U,U,0.99999845
H,H,0.99903727
S,S,0.99896944
O,O,0.99999857
Q,Q,0.9674772
C,C,1.0
X,X,1.0
D,D,0.9999987
H,H,0.99521035
H,H,1.0
C,C,1.0
N,N,0.99999976
R,R,0.98917025
F,F,1.0
J,I,0.78267694
V,V,1.0
X,X,0.99942976
O,O,0.99959046
X,X,0.99997056
A,A,1.0
F,T,0.6337808
E,E,0.9996176
K,K,1.0
Y,Y,1.0
V,V,0.99952376
D,D,0.9894041
M,M,1.0
I,I,0.9999876
A,A,1.0
T,T,0.9999989
Q,Q,0.99996865
A,A,1.0
X,X,0.99999833
I,I,1.0
L,L,1.0
E,E,1.0
T,T,1.0
D,D,1.0
T,T,0.99999964
K,K,0.6337174
H,H,1.0
I,I,0.5254845
O,O,0.99995184
J,J,1.0
C,C,1.0
E,E,0.99999213
M,M,1.0
F,F,0.99999785
K,K,0.980445
J,J,1.0
M,M,1.0
Q,Q,0.99975973
R,R,0.9996916
N,N,0.88134676
G,G,0.98677504
S,S,0.9974491
V,V,1.0
L,L,1.0
M,M,0.99933064
L,L,1.0
R,R,0.94720334
Q,Q,0.8857459
B,B,0.99988306
X,X,0.72400415
E,E,0.9999926
V,V,1.0
W,W,0.99998224
L,L,0.6880838
N,N,0.9998461
E,E,0.9999937
J,J,1.0
Y,T,0.93622357
G,G,0.99856335
M,M,0.9999963
I,I,0.9638192
P,P,0.99997985
N,N,0.9999764
B,B,0.991181
D,D,0.9998311
G,G,0.999949
V,V,0.99999666
Z,Z,0.94804764
L,G,0.7313515
Z,Z,0.9999871
P,P,0.7461691
X,X,0.99999917
B,B,0.9997434
P,P,1.0
R,R,0.9963154
H,H,0.9998795
Q,Q,0.99999213
S,S,0.9976628
U,U,0.9999999
A,A,1.0
O,O,0.99897337
T,T,1.0
U,U,1.0
F,F,0.9998136
K,K,0.9994529
H,H,0.9993315
Y,Y,0.99999774
M,M,0.9999989
T,T,0.9999999
R,R,0.999984
N,N,0.9999355
G,G,0.9999969
X,X,0.9999939
W,W,1.0
R,R,0.89725316
L,L,1.0
P,P,0.99998176
O,O,0.79810864
H,H,0.9958224
U,U,0.9999962
L,L,1.0
R,R,0.99987686
R,R,0.99999833
I,I,1.0
E,E,0.99998546
I,I,0.9999633
X,X,0.99999964
M,M,1.0
B,B,0.999134
M,M,1.0
A,A,1.0
G,G,0.9999188
L,L,1.0
W,W,0.9962366
L,L,0.99989986
X,X,0.99999845
Z,Z,0.99995375
H,H,0.999383
V,V,0.99999
R,R,0.98609215
J,J,0.9999995
S,S,0.9994825
J,J,1.0
K,K,0.4448865
I,I,1.0
F,F,1.0
Y,Y,0.9999987
M,M,1.0
V,V,0.99946207
A,A,1.0
V,V,0.9822885
U,U,0.997042
Y,Y,1.0
W,W,0.9997367
F,F,0.99999046
W,W,0.98391736
N,N,0.94896233
P,P,0.9999999
A,A,1.0
D,D,1.0
N,N,0.99999917
S,S,0.9951692
A,A,1.0
A,A,1.0
K,K,0.999967
Q,Q,0.9999821
L,L,1.0
L,L,0.9999999
H,H,0.59639764
I,I,1.0
E,E,1.0
B,B,0.9956989
A,A,0.94391114
B,B,0.99584854
I,I,1.0
M,M,1.0
N,N,1.0
G,G,0.9591409
L,E,0.94329137
V,V,1.0
C,C,1.0
W,W,0.9999999
D,D,0.99125165
C,C,1.0
R,R,0.9999362
F,F,1.0
K,K,0.9999962
O,O,0.99999595
M,M,1.0
G,G,0.9615602
S,S,0.99966085
I,I,1.0
T,T,1.0
Z,Z,0.99992716
P,P,0.9999124
V,V,0.9999887
E,E,0.8672411
A,A,1.0
C,C,0.9999685
N,N,0.9974202
F,F,0.99999976
Q,Q,0.999908
U,U,0.9965191
W,W,1.0
Q,Q,1.0
H,H,0.99630165
Y,Y,1.0
X,X,0.99981123
W,W,0.9999999
U,U,1.0
I,I,1.0
F,F,0.99994063
H,H,0.9160714
X,X,0.99999917
G,G,0.9941592
H,H,0.9842928
P,P,1.0
Z,Z,0.9999968
T,T,0.99999905
J,J,1.0
P,P,0.9848113
X,X,0.99983895
D,D,0.60600555
C,C,0.99999976
G,G,0.9514451
A,A,1.0
G,G,0.9993068
K,K,0.99993503
E,E,1.0
X,X,0.9999963
I,J,0.8642835
U,U,0.99999225
D,D,0.99994624
F,F,0.9714315
X,X,0.99131495
R,R,0.9926339
K,K,0.94610643
F,F,1.0
P,P,1.0
Z,Z,0.9999198
O,O,0.9999987
C,C,1.0
P,P,1.0
I,I,1.0
G,G,0.9954874
D,D,0.9967691
X,X,0.99999356
V,V,0.9999994
A,A,1.0
M,M,0.9178306
Q,Q,0.9999944
V,V,0.9972953
N,D,0.45260835
Y,Y,0.99698263
V,V,1.0
A,A,1.0
I,I,1.0
U,U,1.0
A,A,1.0
T,T,0.96795034
T,T,0.9999925
D,D,0.9999994
D,D,1.0
F,F,0.9999901
U,U,1.0
P,P,0.9999852
G,G,0.9999503
H,H,0.9992694
S,S,0.9999938
F,F,1.0
H,H,0.9947326
N,N,0.9999957
P,P,0.7052987
E,E,0.72435963
T,T,0.9999801
J,J,0.99816257
M,M,1.0
W,W,1.0
W,W,1.0
T,T,0.9908137
D,D,0.9998996
N,N,0.99999964
S,S,0.99473286
T,T,1.0
D,D,1.0
A,A,1.0
U,U,0.99999857
E,E,0.975049
N,N,0.9999999
X,X,0.9506286
A,A,1.0
O,O,0.99976224
C,C,0.99999905
W,W,0.9999999
Y,Y,0.99998176
L,L,1.0
K,K,0.86215097
U,U,1.0
Z,Z,0.9999981
K,K,0.99999917
R,R,0.9999999
O,O,0.9999981
W,W,1.0
J,J,1.0
G,G,0.9108363
M,A,0.98929846
P,P,1.0
A,A,1.0
N,N,0.99743503
U,U,1.0
Y,Y,0.99999964
H,H,0.97702324
Y,Y,1.0
E,E,1.0
J,J,1.0
P,P,1.0
K,K,0.8561618
F,F,0.99971765
D,D,0.99935883
Z,Z,1.0
B,B,0.9999777
K,K,0.9996519
X,X,0.99999964
N,N,0.9999863
K,K,0.998587
G,G,0.99997735
E,B,0.5415244
V,B,0.5597482
K,K,0.9999856
D,X,0.6953392
R,R,0.8003026
T,T,1.0
F,F,1.0
N,N,0.99999726
B,B,0.99996495
C,C,0.99952686
J,J,1.0
O,O,0.9999968
U,U,1.0
D,D,1.0
D,D,0.9430144
U,U,1.0
O,O,0.99999774
L,L,1.0
E,E,0.9999987
E,E,0.9999999
P,P,1.0
E,E,0.99990594
V,V,0.9999987
Z,Z,0.9998461
M,M,1.0
K,K,0.9999995
K,K,0.99999344
A,A,1.0
D,D,1.0
E,E,0.99982697
I,I,1.0
I,I,0.78629833
M,M,1.0
V,V,1.0
P,P,0.99999774
A,A,1.0
L,L,1.0
U,U,0.9999999
J,J,0.99999464
J,J,1.0
G,G,0.7621034
A,A,1.0
Y,Y,0.87184316
C,C,1.0
D,D,1.0
O,O,0.99986386
U,U,1.0
J,I,0.8044041
G,G,0.99999976
E,E,0.9998379
Y,Y,0.99998343
G,G,0.9999671
M,M,1.0
U,U,1.0
E,E,1.0
S,S,0.9999683
I,I,1.0
P,P,0.99989355
X,X,0.99999976
M,M,0.9526104
G,G,0.99403954
C,C,0.9999999
I,I,1.0
N,N,0.9999999
I,F,0.5254523
F,F,0.99999785
S,S,0.9999882
Q,Q,0.9999571
Y,Y,0.99999297
X,X,0.9963864
V,V,0.53365475
D,D,1.0
W,W,0.9999993
Y,Y,0.99999976
A,A,1.0
W,W,1.0
M,M,0.99999964
R,K,0.9398312
M,M,1.0
X,X,0.9998311
B,B,0.998543
C,C,1.0
T,T,1.0
E,E,0.99999845
X,K,0.9671734
M,M,1.0
S,S,0.9995443
E,E,1.0
G,G,0.9963331
R,R,0.999882
B,B,0.99998665
U,U,1.0
X,X,0.95781547
L,L,1.0
A,A,1.0
O,O,0.99999225
V,V,0.9987393
N,N,0.9997936
G,G,0.9990932
I,I,1.0
G,G,0.9999778
Q,Q,0.9999932
F,F,1.0
W,W,0.99998975
Y,Y,0.9960842
B,B,0.99997044
F,F,1.0
Z,Z,0.9829485
I,I,1.0
G,G,0.9999777
T,T,1.0
C,C,1.0
A,A,0.98836106
W,W,0.99999976
Q,Q,0.92726904
Y,Y,0.9999995
U,U,1.0
R,R,0.99925965
Q,Q,1.0
E,E,0.9798747
M,M,1.0
P,P,0.9999988
C,C,1.0
Y,Y,0.99974185
N,N,1.0
M,M,0.9997898
E,C,0.9144102
B,B,0.57020754
Q,Q,1.0
D,D,1.0
T,T,1.0
B,B,0.9991491
U,U,0.929351
V,V,1.0
S,S,0.99950707
S,S,0.9982199
U,U,0.9999999
H,H,0.9999671
M,M,1.0
G,G,0.999265
J,J,1.0
Q,Q,0.9999999
E,E,0.99999964
V,V,1.0
U,U,0.99896693
G,G,0.87004673
O,O,0.9998265
E,E,0.9807124
A,A,1.0
P,P,0.99998605
Y,T,0.6518378
Z,Z,1.0
P,P,0.9999993
B,B,0.9998115
A,A,1.0
A,A,1.0
Z,Z,1.0
O,O,0.99998546
H,H,0.99999666
X,X,0.9996
L,L,1.0
L,L,1.0
G,G,0.9999846
P,P,0.9999968
Y,Y,1.0
Q,Q,0.9999894
D,D,0.9999987
G,G,0.9960454
N,N,0.99919385
Q,A,0.85091
C,C,1.0
G,G,0.9885135
D,D,0.9999999
P,P,0.9996898
N,N,0.9996086
Y,Y,1.0
G,G,0.9384109
D,D,0.9998361
J,I,0.50195247
P,P,0.99999976
B,B,0.99437654
Y,Y,0.9999975
R,R,1.0
M,M,0.99999106
C,C,0.999998
Y,Y,0.9998863
X,X,1.0
G,G,0.9929783
U,U,1.0
M,M,0.8251293
S,S,0.8411103
Z,Z,0.99039674
X,X,0.99999404
H,H,0.99956375
X,X,1.0
C,C,0.99999845
U,U,0.99999976
X,X,0.99999094
K,K,0.999172
B,B,0.85020036
P,P,1.0
J,J,1.0
X,X,0.9926972
C,C,1.0
T,T,1.0
M,M,1.0
R,R,0.99999976
Z,Z,0.99747413
F,F,0.98791915
P,P,0.99623364
U,U,1.0
Y,Y,0.9999999
C,C,1.0
D,D,0.9999999
I,I,1.0
F,F,0.9956566
R,R,0.999998
L,L,0.99304384
V,H,0.36862266
A,A,0.9995301
S,S,1.0
W,W,1.0
P,P,0.9999988
B,B,0.9289432
P,P,0.5982918
Q,Q,0.96680063
J,J,1.0
N,N,0.99982494
N,N,0.9999987
C,C,1.0
Y,Y,0.9999995
H,H,0.99726886
X,X,0.9994036
Z,Z,0.99999976
N,N,0.7061659
F,F,0.99999964
L,L,1.0
H,H,0.90827054
L,L,1.0
M,M,1.0
R,R,0.98673576
O,O,0.99999785
I,I,1.0
A,A,1.0
P,P,1.0
E,E,0.984594
B,B,0.999977
S,S,0.99998796
B,B,0.9999361
B,B,0.9983386
L,L,1.0
C,C,1.0
U,U,1.0
Y,Y,1.0
L,L,1.0
V,V,0.9700511
O,O,0.99994636
C,C,1.0
T,T,1.0
P,P,0.9993356
K,K,0.99999976
A,A,1.0
X,X,0.9425775
R,R,0.7875958
V,V,0.9999889
N,N,0.99999964
R,R,0.9941742
S,S,0.9999471
G,G,0.9677825
C,C,1.0
P,P,0.9999994
F,F,0.94368917
F,F,0.9995221
A,A,1.0
D,D,0.9999994
T,T,0.99997413
T,T,1.0
W,W,0.9999999
D,D,0.9998828
J,J,0.99644357
V,V,0.9999999
Q,Q,0.9974164
S,S,1.0
E,E,0.99988985
O,O,0.9999988
U,U,1.0
R,R,0.9999968
Y,Y,1.0
W,W,1.0
H,H,0.9680387
N,N,0.9999889
X,X,1.0
F,F,0.9999999
L,L,0.62585807
B,S,0.52006924
A,A,1.0
B,B,0.9999981
F,F,1.0
P,P,0.9977022
D,D,0.99999964
J,J,1.0
A,A,1.0
Z,Z,0.9999217
Y,Y,1.0
F,F,0.9999505
Q,Q,0.9998816
U,U,0.9999869
X,X,0.9944975
P,P,0.9417232
Z,Z,0.9998832
O,O,0.99951863
I,I,1.0
J,J,1.0
Y,Y,0.9986368
U,U,1.0
V,V,0.9966164
B,B,1.0
D,D,1.0
U,U,1.0
Q,Q,1.0
C,C,1.0
X,X,0.99978775
W,W,1.0
A,A,1.0
B,B,0.9999682
T,T,0.9945839
B,B,0.9998995
R,R,0.999997
L,L,1.0
U,U,0.99985874
Z,Z,0.9949018
V,V,1.0
S,S,0.9999578
U,U,1.0
P,P,1.0
X,X,1.0
Z,Z,1.0
G,G,0.9999962
C,C,1.0
V,V,0.9867067
R,R,0.9995735
Y,Y,0.9824537
X,X,0.67129195
I,I,0.99598014
I,I,1.0
E,E,0.4016931
J,J,1.0
B,B,0.9994363
O,O,0.99157083
T,T,1.0
A,A,1.0
C,C,0.9998109
D,D,0.9999548
H,H,1.0
K,K,0.99992764
K,K,0.9999982
J,J,0.57451683
D,D,0.9999527
D,D,1.0
J,J,1.0
O,O,0.99999654
V,V,0.9978811
B,B,0.99997914
D,D,0.999995
O,O,0.99814844
F,F,0.6962049
J,J,1.0
P,P,1.0
R,K,0.43104482
B,B,0.9995815
M,M,0.999997
I,I,0.9999995
Q,Q,0.99997723
N,N,0.99753785
W,W,1.0
E,E,0.99355304
W,W,0.9981706
Y,Y,0.99987423
I,I,1.0
F,F,0.9995479
Z,Z,0.99972314
C,C,0.9999945
V,V,0.99999964
T,T,0.9999583
R,R,0.99997187
B,B,0.40842295
A,A,1.0
V,V,1.0
M,M,1.0
J,J,1.0
E,E,0.9692359
N,N,0.9999982
G,G,0.90886265
D,D,1.0
G,G,0.99995077
J,J,0.9999889
A,A,1.0
R,R,0.9999485
Q,Q,1.0
A,A,1.0
E,E,0.8719685
O,O,0.99999917
E,E,0.9999995
T,T,0.99994385
Y,Y,0.9997502
Z,Z,1.0
A,A,0.9995297
R,R,0.39987227
I,I,1.0
Q,Q,0.9998901
E,E,0.999721
K,K,0.99994814
R,R,0.999218
G,G,0.99311393
V,V,0.9992601
T,T,0.99996793
Q,Q,0.99158394
Q,Q,0.70084697
V,V,0.99999094
Z,Z,1.0
S,S,0.99793243
D,D,1.0
W,W,1.0
E,E,0.99991024
Q,Q,0.5149004
V,V,0.996342
A,A,1.0
C,C,0.999977
Z,Z,0.9999882
Y,Y,0.99999976
K,K,0.9999821
T,T,1.0
Z,Z,0.9923699
Q,Q,0.99995995
Q,Q,0.99983406
Y,Y,0.9978422
D,D,0.99994814
P,P,0.97409284
L,L,1.0
W,W,0.9999863
D,D,0.9699692
C,C,1.0
C,C,0.9998338
F,F,0.99439347
L,L,1.0
O,O,0.9994487
W,W,1.0
C,C,0.9999995
L,L,1.0
V,V,0.9999999
X,X,0.99999917
H,R,0.5942726
B,B,0.8959987
G,G,0.9916687
Q,Q,0.9999993
A,A,1.0
G,G,0.9996332
V,V,0.99999785
W,W,1.0
V,V,0.8918001
A,A,1.0
O,O,0.98567665
L,L,1.0
S,S,0.9999461
M,M,1.0
B,B,0.99828535
S,S,0.99994254
T,T,1.0
V,V,0.9999877
I,I,1.0
X,X,0.99999976
L,L,1.0
A,A,1.0
H,H,0.99999654
P,P,0.99999464
M,M,1.0
V,V,0.9970053
A,A,1.0
G,G,0.9507583
M,M,0.9999968
L,L,0.99982566
P,P,0.93744487
D,D,0.99999964
Z,Z,0.9999976
Y,Y,0.9999918
I,I,1.0
N,N,0.9999685
A,A,1.0
Z,Z,0.9958332
K,K,0.99997425
Q,O,0.6402103
B,H,0.2820189
G,G,0.9974497
I,J,0.51025385
K,K,0.99990225
M,M,0.99999607
U,U,1.0
K,K,1.0
M,M,1.0
N,N,0.9999982
I,I,1.0
Z,Z,0.99999344
Q,Q,0.99999917
K,K,1.0
W,W,0.99999106
X,X,0.99843055
E,E,1.0
W,W,1.0
Q,Q,0.9511466
Z,Z,0.9997211
T,T,1.0
D,D,0.9985494
K,K,0.86246574
U,U,1.0
P,P,1.0
F,F,0.9960581
H,H,1.0
I,I,1.0
K,K,0.9996413
P,P,0.9990783
S,S,1.0
R,R,0.99999154
F,F,0.99336076
O,O,0.987631
R,R,0.5793059
M,M,1.0
F,F,0.9811947
X,X,1.0
K,K,0.99999535
V,V,0.9999615
K,K,0.99995434
U,U,0.9999994
K,K,0.9999994
H,H,0.9999995
Q,Q,0.99999774
R,R,0.9998778
H,H,0.9999815
G,G,0.99596703
U,U,0.998086
E,E,0.9821295
Y,Y,1.0
G,C,0.5564904
N,N,0.9996427
M,M,0.9999522
B,B,0.69667405
T,T,0.99880517
C,C,1.0
U,U,1.0
B,B,0.9986444
H,H,0.999373
J,J,1.0
A,A,1.0
S,S,0.9998945
A,A,0.99992716
J,J,0.9997162
S,S,0.9944469
Y,T,0.9802039
H,H,0.9999999
D,D,0.9992575
G,G,0.9963865
H,H,0.9984725
J,J,1.0
P,P,1.0
D,D,0.9999962
D,D,0.9999994
J,J,0.99998593
F,F,0.99965
C,C,0.99999976
T,T,0.99235606
N,N,0.36792842
S,S,0.9999993
R,R,0.5370488
T,T,1.0
P,P,0.9999658
C,C,1.0
W,W,1.0
F,F,0.99999344
N,N,0.99999976
L,P,0.97835666
E,E,0.99958235
O,O,0.99897337
Y,Y,0.9999862
E,E,1.0
A,A,0.99999416
P,P,1.0
O,O,0.99999344
T,T,0.99999166
R,R,0.99996066
R,R,0.9943738
G,G,0.9958735
W,W,1.0
B,B,0.8410983
U,U,1.0
B,B,0.9926098
I,I,1.0
T,T,0.992272
G,G,0.99943906
S,S,0.99537766
B,S,0.59641695
D,D,1.0
V,V,0.99999344
T,T,1.0
X,X,0.9999994
F,F,0.9999974
L,L,1.0
V,V,0.99999845
Z,Z,0.9999924
N,N,0.9999999
Y,T,0.70697784
X,X,0.9999745
C,C,0.99728334
U,U,1.0
R,R,1.0
Q,Q,0.9999298
A,A,0.9999883
V,V,0.99937254
Y,Y,1.0
I,I,0.99976414
X,X,0.9999033
Z,Z,0.9999976
P,P,0.9999993
U,U,0.9342581
U,U,0.9999994
R,R,0.7375264
R,R,0.9985489
X,X,0.9655566
N,N,0.9999801
M,M,1.0
K,K,0.999998
T,T,0.9549815
J,J,1.0
L,L,1.0
O,O,0.99999976
Z,Z,0.9999999
M,M,0.99996185
S,S,0.9990503
R,R,0.9998884
N,N,0.9997664
J,I,0.83792996
G,G,0.9994456
O,O,0.99999547
H,H,0.99994934
R,R,0.99462056
P,P,1.0
D,D,1.0
R,R,0.9999975
G,G,0.99999344
A,A,1.0
P,P,1.0
V,V,1.0
Z,Z,0.9999993
K,K,1.0
S,S,0.99998486
S,S,0.9583872
D,D,0.9891907
G,B,0.98427933
C,C,1.0
N,N,0.9999442
U,U,0.99968195
J,J,1.0
O,O,0.99920803
X,X,1.0
Q,Q,0.9988091
X,X,0.95277303
K,K,0.9999999
J,J,1.0
Z,Z,0.9999994
A,A,1.0
X,X,0.9999914
Y,Y,0.99974674
Y,Y,0.8834892
D,D,0.9999999
E,E,0.9999424
X,E,0.99801445
S,S,0.9999883
T,T,1.0
E,E,0.9998845
G,C,0.54694307
Z,Z,0.99999976
D,D,0.9999999
W,W,1.0
X,X,0.99999726
N,N,0.99995685
Q,Q,1.0
P,P,0.93134946
S,S,0.8467842
X,X,0.9934882
M,M,1.0
X,X,0.9999963
T,T,1.0
N,N,0.9999989
A,A,1.0
M,O,0.65015775
M,M,1.0
K,K,0.9999603
N,N,0.9999995
F,F,1.0
N,N,0.9999999
N,N,0.9999919
Y,Y,1.0
T,T,0.9935023
H,G,0.9576231
E,E,0.99993503
P,P,0.8512674
L,L,1.0
Z,Z,0.9981109
G,G,0.9997936
J,J,0.9999999
E,E,0.99985814
O,O,0.9994511
D,D,1.0
A,A,1.0
N,N,0.999931
E,E,0.93223816
G,G,0.99990606
A,A,1.0
C,C,1.0
U,U,1.0
Y,Y,0.99999666
M,M,1.0
V,V,0.9999999
S,S,0.99982446
D,D,1.0
E,E,0.9999865
X,X,0.9990201
R,R,0.56435555
O,O,0.99973243
J,I,0.8136439
P,P,1.0
S,S,0.9948725
Q,Q,0.9999999
O,O,0.9997186
O,O,0.999134
M,M,1.0
Y,Y,0.9999901
P,P,1.0
D,D,1.0
D,D,1.0
B,B,0.9969009
U,U,0.99999845
Y,Y,1.0
L,L,1.0
L,L,1.0
P,P,1.0
A,U,0.97867167
H,H,0.8807722
H,H,0.9999938
I,I,0.9946637
C,C,0.99944204
P,P,1.0
S,S,0.9999349
X,X,1.0
N,N,0.9999678
B,B,0.9995739
H,H,0.9983096
M,M,0.99922097
T,T,1.0
F,F,1.0
U,U,0.9995585
Q,Q,0.99815553
P,P,0.9999969
Y,Y,0.9999875
F,F,1.0
L,L,1.0
K,K,0.99999714
L,L,1.0
H,H,0.99773777
R,R,0.99997306
M,M,1.0
G,G,0.98936707
A,A,1.0
N,N,0.9957136
K,K,1.0
R,R,0.9975563
A,A,1.0
Y,Y,1.0
R,R,0.99816483
Y,Y,1.0
C,C,1.0
Y,Y,1.0
P,P,1.0
A,A,1.0
U,U,0.9999658
L,L,1.0
X,X,0.99970347
L,L,1.0
T,T,0.94473976
R,R,1.0
V,V,0.99438727
A,A,1.0
I,I,1.0
U,U,1.0
C,C,1.0
G,G,0.9951208
S,S,0.9999956
W,W,1.0
E,E,0.9979219
V,V,1.0
X,K,0.7075373
Z,Z,1.0
E,E,0.9999944
X,X,0.8528233
V,V,0.999944
T,T,1.0
T,T,1.0
Y,Y,0.99999154
A,A,0.864013
B,B,0.9966517
I,I,0.99544674
U,U,1.0
T,T,1.0
G,G,0.99081504
H,H,0.9141663
F,F,0.65085804
B,B,0.9999957
P,P,1.0
A,A,1.0
T,Y,0.5531159
M,M,1.0
N,N,0.9999945
F,F,0.9999852
U,U,0.99999166
T,T,0.9999999
H,H,0.9655617
Q,Q,0.99995685
D,D,0.99999833
B,B,0.9999399
E,E,1.0
L,X,0.57420444
X,X,0.9999856
O,O,0.9978569
H,H,0.9819162
C,C,0.9999862
B,B,0.99980694
G,G,0.99993825
Z,Z,0.999979
X,X,0.99956304
Y,Y,0.99997115
V,V,1.0
D,D,0.9999505
M,M,0.9999852
T,T,1.0
B,B,0.9999927
X,X,0.99845695
G,C,0.6709211
A,A,1.0
O,O,0.9999919
L,L,1.0
Q,Q,1.0
A,A,1.0
I,I,1.0
B,B,0.99976
G,G,0.99993646
O,O,0.9991128
Z,Z,1.0
O,O,0.78080803
H,H,0.902362
X,X,0.98850775
K,K,0.988101
T,T,1.0
H,H,0.98884726
V,V,1.0
J,J,1.0
A,A,1.0
P,P,0.9780236
X,X,1.0
Z,Z,0.99999785
M,M,0.9999976
B,B,0.74780947
H,H,0.8269654
N,N,0.9999989
E,E,0.9999666
L,L,0.9999981
E,E,0.9982382
X,X,0.9998135
G,G,0.9959778
Y,Y,1.0
K,K,0.9999927
D,D,0.9882111
J,J,0.99999976
J,J,1.0
F,F,1.0
Z,Z,0.999992
B,B,0.9887293
Q,Q,0.99990845
X,X,1.0
W,W,1.0
M,M,1.0
Y,Y,1.0
V,V,0.99995875
U,U,1.0
I,I,0.99999356
S,S,0.9999503
L,L,1.0
C,C,0.9999995
T,T,0.999703
S,S,0.99216473
S,S,0.9999999
G,G,0.9995486
J,J,1.0
M,M,0.9999999
T,P,0.70921147
E,E,1.0
S,S,0.99022233
T,T,1.0
V,V,0.9999999
E,E,1.0
J,J,0.69216216
L,L,1.0
K,K,0.99991155
E,E,0.99999857
Y,Y,1.0
N,N,0.99999905
B,B,0.9973314
R,R,0.9999975
H,H,0.98565
Y,Y,1.0
M,M,0.9999999
M,M,1.0
U,U,1.0
V,V,1.0
M,M,1.0
G,G,0.99998677
H,H,0.99910694
A,A,1.0
Q,G,0.9071732
O,O,0.99770457
M,M,1.0
J,J,0.9999833
W,W,0.99999964
S,S,0.99953747
Q,Q,0.99968266
E,E,0.9999995
Q,Q,0.99905986
I,I,1.0
G,G,0.88936293
L,L,1.0
S,S,0.999997
P,P,0.9999999
R,R,0.936667
C,C,1.0
S,S,0.99938464
V,V,0.9999987
G,G,0.9999443
T,T,1.0
R,R,0.99985254
E,E,1.0
N,N,0.9999943
I,I,1.0
Y,Y,0.9999999
L,L,1.0
M,M,0.99999785
E,E,1.0
L,L,1.0
W,W,1.0
W,W,1.0
C,C,0.99999976
G,G,0.9999002
F,F,0.94853324
G,G,0.9999553
Z,Z,0.9999989
I,I,1.0
W,W,0.99992776
Y,Y,1.0
K,K,0.6214871
C,C,1.0
B,B,0.9483738
O,O,0.99999726
W,W,1.0
U,U,0.99999726
Z,Z,0.9999832
T,T,0.999889
G,G,0.93231046
X,X,0.92565787
I,I,1.0
B,B,0.99296194
Z,Z,0.9999571
H,H,0.99733704
U,U,1.0
V,V,0.99986446
E,E,0.9707045
Y,Y,1.0
A,A,0.99998784
M,M,1.0
H,H,0.9999759
C,C,1.0
H,H,0.9999405
B,B,0.99753964
V,V,0.99968636
Q,Q,1.0
A,A,1.0
V,V,1.0
V,V,0.99998677
K,K,1.0
S,S,0.9722391
D,D,0.99924904
A,A,1.0
U,U,1.0
I,I,1.0
E,E,0.99717784
X,X,0.99866796
Y,Y,0.9959424
I,F,0.66470104
Z,Z,1.0
M,M,0.9999999
B,B,0.9251204
K,K,0.99999857
I,I,0.99986064
V,V,0.99850285
L,L,1.0
N,N,0.9999883
S,S,0.997982
F,F,1.0
W,W,1.0
I,I,0.99999785
S,S,0.9998105
N,N,0.99999964
A,A,1.0
F,F,0.960773
D,D,1.0
S,S,0.9999819
Y,Y,0.99997604
J,J,1.0
C,C,1.0
H,D,0.57478046
N,N,0.9989176
Q,Q,0.91829175
Y,Y,1.0
P,P,0.99472517
N,N,0.99999976
S,S,0.9997602
J,J,0.9999995
C,C,0.99717593
L,L,1.0
I,I,1.0
H,H,0.99971956
P,P,0.99580526
J,J,1.0
X,X,0.9830936
M,M,1.0
R,R,0.9986449
S,S,0.99606675
X,X,0.99925
R,R,0.98408276
G,G,0.99792117
P,P,0.96381277
M,M,1.0
O,O,0.9999993
D,D,1.0
Y,Y,1.0
S,S,1.0
B,B,0.9873547
K,K,0.99999666
B,B,0.9994191
A,A,1.0
B,B,0.999979
H,H,0.99995077
U,U,1.0
C,C,0.99992967
T,T,0.999987
Z,Z,0.9998228
P,P,0.9999763
P,P,1.0
H,H,0.99761885
F,F,0.99999535
H,D,0.9950878
P,P,0.99998903
D,D,1.0
B,B,0.9781336
Q,G,0.9111116
H,H,0.9999963
Q,Q,0.6771443
L,L,1.0
O,O,0.9999
G,G,0.99996054
L,G,0.41729268
J,J,1.0
V,V,0.99999845
G,G,0.98999316
E,E,1.0
F,F,1.0
U,U,1.0
C,C,1.0
I,I,0.9947225
Y,Y,1.0
Z,Z,0.9991671
U,U,1.0
A,A,1.0
D,D,0.9765148
E,E,0.99582314
Y,Y,1.0
F,F,1.0
T,T,1.0
V,V,1.0
Q,Q,0.9999702
F,F,0.99977666
O,O,0.9998241
A,A,1.0
G,G,0.9997998
J,J,1.0
M,M,0.9999974
S,S,0.99990726
O,O,0.99999213
O,O,0.99999523
E,E,0.9810774
I,I,1.0
O,O,0.99999964
A,A,1.0
S,S,0.9993741
B,B,0.99800926
M,M,1.0
E,E,0.9937117
N,N,0.59160334
B,B,0.84422255
R,R,0.9999405
I,I,1.0
F,F,0.99997425
S,S,0.99999857
D,D,0.9999999
J,I,0.81929904
U,U,0.9999995
V,V,0.99999976
F,F,0.9976406
S,S,0.9999988
I,I,0.9999999
Y,Y,0.9999987
J,J,1.0
O,O,0.6468621
N,N,0.9999863
W,W,0.9999999
N,N,0.9999969
O,O,0.99991834
R,K,0.501945
V,V,1.0
S,S,0.6943742
C,C,1.0
X,X,0.9999999
Q,Q,0.9992248
G,G,0.9992681
S,S,0.999889
M,M,1.0
I,I,0.9999007
E,C,0.3690423
K,K,0.9999263
G,G,0.8914594
S,S,0.99999976
V,V,1.0
F,F,0.99989974
Q,Q,0.99999857
C,C,0.656888
F,F,0.9999974
H,H,1.0
H,H,1.0
S,S,0.9999411
D,D,0.99763167
A,A,1.0
Q,Q,0.9951172
Q,Q,0.99986327
D,D,1.0
L,L,1.0
O,U,0.6777619
K,K,0.9987915
B,B,0.9994485
A,A,0.99999905
L,L,1.0
R,R,0.99995553
T,T,0.9999994
C,C,0.9999988
N,R,0.65121573
L,L,1.0
A,A,1.0
S,S,0.99578947
Y,Y,0.99999976
R,R,0.6299416
R,R,0.9997851
C,C,0.9999994
N,N,0.99925786
O,O,0.99859434
U,U,1.0
S,S,0.99472976
W,W,0.9999999
O,O,0.9777646
E,E,0.99999976
N,N,0.99999285
D,D,0.99999976
H,K,0.7392844
S,S,0.99925965
F,F,0.9988422
H,H,1.0
Q,Q,0.9999987
A,A,0.99996126
I,I,1.0
E,E,0.99995553
M,M,1.0
V,V,1.0
X,X,0.9999733
J,J,1.0
X,X,0.9999999
O,O,0.95684505
Q,O,0.61924565
Y,Y,0.9986798
C,C,0.99892056
O,O,0.99999774
N,N,0.9653773
I,F,0.9077744
M,M,1.0
O,O,0.98190445
S,E,0.9972414
L,L,1.0
H,H,0.99985313
A,A,1.0
F,F,0.99910897
W,W,0.9961279
P,P,1.0
C,C,0.95653224
B,H,0.9633036
G,G,0.99826753
L,L,1.0
O,O,0.9999988
I,I,1.0
C,C,1.0
Q,Q,0.9921727
D,D,0.9999999
L,L,1.0
K,K,0.9999975
J,J,0.99992466
T,T,0.99541
S,S,0.99998736
M,M,1.0
F,F,0.99999666
O,O,0.99991524
B,B,0.63245547
Q,Q,0.9997539
I,I,0.99999976
J,N,0.93270457
Y,Y,1.0
N,N,1.0
O,O,0.99999964
E,E,0.9971802
I,I,1.0
I,I,1.0
J,J,1.0
B,B,0.99999964
F,F,0.9995203
A,A,1.0
P,P,1.0
U,U,1.0
J,J,1.0
Q,Q,0.99627614
L,L,1.0
D,D,1.0
D,D,0.9999995
N,N,0.9999987
N,N,0.99867874
Z,Z,0.9999697
M,M,0.99986887
S,S,0.99999547
Q,Q,0.99999034
D,D,0.9993625
C,C,0.99999976
O,O,0.64316744
L,L,1.0
X,X,0.9999951
V,V,0.99965453
R,R,0.99598384
Q,Q,0.9993998
S,S,0.97637546
Y,Y,0.9983854
Z,Z,0.99982953
P,P,1.0
S,S,0.9994349
J,J,0.9999999
Z,Z,0.99992585
Q,Q,0.99999964
D,D,0.998243
C,C,1.0
K,K,0.999974
F,F,0.9889538
F,F,0.9999925
S,L,0.9486746
N,N,0.99972886
E,E,0.98210263
F,F,0.9986374
Y,T,0.8732072
H,H,0.96392596
Z,Z,0.9999237
B,B,0.99858814
Q,Q,1.0
Z,Z,0.99999833
E,E,0.99439704
Z,Z,0.99999833
U,U,0.99995136
D,D,0.9999999
J,J,1.0
O,O,0.9999993
B,B,0.99997663
Q,Q,1.0
C,C,1.0
L,L,1.0
C,C,1.0
G,G,0.9997515
Z,Z,1.0
P,P,0.8975703
K,K,0.9991283
T,T,1.0
F,H,0.6848016
K,K,0.9999982
M,M,0.98761183
J,J,0.9999999
E,E,0.9987581
I,I,1.0
H,H,0.999949
B,B,0.9983134
O,O,0.99998367
V,V,0.9999993
R,R,0.999997
A,A,1.0
T,T,0.9999821
X,X,0.99131495
O,O,0.99991596
V,V,0.9999701
D,D,0.99999976
M,M,1.0
O,O,0.999998
J,J,1.0
J,J,1.0
M,M,0.9999999
Y,Y,1.0
L,L,0.9619501
M,M,1.0
W,W,1.0
B,B,0.91176915
B,B,0.9999989
W,W,0.9999944
M,M,1.0
K,K,1.0
O,O,0.989678
Q,Q,0.99979526
C,C,1.0
P,P,1.0
N,N,0.99970156
B,B,0.9998826
G,G,0.99698
I,I,1.0
J,J,1.0
G,G,0.99981946
B,B,0.99970275
B,B,0.9999336
N,N,0.99999964
B,B,0.9978897
R,R,0.99643755
V,V,1.0
T,T,0.96753645
S,S,0.9997781
P,P,0.99808806
S,S,0.9991504
C,C,0.9732921
S,S,0.99999964
C,C,0.99621993
L,L,1.0
O,O,0.9984976
X,X,0.9999752
N,N,0.9998616
I,I,0.96795815
Y,Y,0.9999989
Y,Y,0.98137856
A,C,0.79908794
K,K,0.9998859
N,N,0.9978242
M,M,1.0
P,P,1.0
K,K,0.99596906
P,P,0.9937215
F,F,0.9990852
Y,Y,0.99997485
N,N,0.9997893
D,D,0.9999815
I,I,1.0
V,V,1.0
P,P,1.0
I,I,0.99552804
W,W,1.0
U,U,0.9999876
Q,Q,0.99994564
V,V,0.9983265
J,J,0.99999964
T,T,0.99985814
A,A,1.0
V,V,0.9995389
Q,Q,0.99999976
G,G,0.994333
H,H,0.96530217
G,G,0.9988418
T,T,1.0
S,S,0.99984956
H,H,1.0
T,T,0.9919451
M,M,0.9919269
T,T,0.9999999
I,I,1.0
O,O,0.99780864
B,B,1.0
Q,Q,0.99999774
L,L,1.0
C,C,0.99990344
Z,Z,0.88621956
S,S,0.9999932
K,K,0.9997234
F,F,0.99996006
T,T,0.9947444
C,C,1.0
R,R,0.9999963
J,J,0.9999448
K,K,0.9999988
V,V,0.9993961
H,H,0.9991843
U,U,1.0
C,C,1.0
C,C,1.0
Y,Y,0.99996865
Z,Z,1.0
G,G,0.99999774
S,S,0.99934095
S,S,0.9999994
M,M,1.0
J,J,1.0
M,M,1.0
Z,Z,0.99996006
X,X,0.9999186
D,D,1.0
N,N,0.99817944
K,K,0.73259217
D,D,0.99999964
R,R,0.9800612
S,S,0.9963123
Q,Q,0.9999994
T,T,1.0
J,J,1.0
R,R,0.60838825
V,V,1.0
O,O,1.0
B,S,0.5162427
N,N,0.9920576
R,R,0.9999815
C,C,0.9994185
G,G,0.9999944
W,W,0.99999976
K,K,1.0
D,D,0.9996195
X,X,0.9999902
N,N,0.999918
Y,Y,1.0
S,S,0.99995303
X,E,0.98361313
M,M,1.0
R,R,0.99885964
P,P,0.99921644
Z,Z,1.0
K,K,0.99777466
Q,Q,0.74269724
X,X,0.9999349
W,W,1.0
J,J,1.0
E,E,1.0
P,W,0.40126276
J,J,0.9995579
L,L,1.0
B,B,0.9968045
Q,Q,0.9965971
C,C,1.0
W,W,1.0
G,G,0.99266124
J,J,0.99999595
R,R,0.99692494
M,M,1.0
W,W,0.9999999
B,B,0.9940309
B,B,0.9917018
S,S,0.99996936
W,W,0.99997246
B,B,0.9999999
N,H,0.9582824
O,O,0.9992994
I,I,1.0
G,G,0.99991083
H,R,0.998264
T,T,1.0
M,M,1.0
M,M,0.99975353
Z,Z,0.9999807
Q,Q,0.917859
L,L,1.0
Y,Y,0.9986524
B,B,0.99763274
K,K,0.9950191
S,S,0.9993956
F,F,0.99999404
K,K,0.9999751
R,R,0.99998105
Q,Q,0.9999857
M,M,1.0
D,D,0.99970454
B,B,0.99991035
R,R,0.9207656
N,N,0.9999999
J,J,1.0
N,N,0.99999833
G,B,0.98998475
Q,Q,0.99998474
U,U,1.0
U,U,1.0
W,W,1.0
X,X,0.997255
R,R,0.9999925
M,M,0.99999964
E,E,0.99920005
N,N,0.99809426
L,L,1.0
Y,Y,0.99999845
Q,Q,1.0
A,A,1.0
F,F,1.0
P,P,0.9999976
G,G,0.99972516
Z,Z,0.99999917
W,W,0.96646804
R,R,0.9955344
P,P,0.99999857
D,D,1.0
O,O,0.9189128
T,T,1.0
E,E,0.99999976
H,H,1.0
B,B,0.9999943
U,U,1.0
O,O,0.9999975
D,D,1.0
Z,Z,0.9999914
D,D,0.9999995
S,S,0.99999976
N,N,0.9999999
J,J,0.9992803
J,J,0.99998355
H,H,0.5620209
W,W,0.99978095
H,H,1.0
E,E,0.99990726
U,U,1.0
P,P,1.0
W,W,0.9999863
U,U,0.99999905
N,N,0.9999969
L,L,1.0
Y,Y,0.99999917
X,X,0.9999578
E,E,0.9999534
P,P,1.0
L,L,1.0
F,F,0.9999982
Z,Z,0.99971706
S,S,0.99999976
U,U,1.0
R,X,0.4904702
A,A,1.0
D,D,0.9936718
Y,Y,1.0
T,T,0.9998611
X,X,0.99999976
E,E,1.0
R,R,0.99911433
M,M,1.0
W,W,1.0
I,I,0.50803226
A,A,1.0
P,P,0.9996105
N,N,1.0
I,I,1.0
L,L,1.0
L,L,1.0
L,L,1.0
H,H,0.94283485
R,R,0.99993336
A,A,1.0
O,O,0.9996557
V,V,0.9999672
W,W,0.9999999
G,G,0.9999968
T,T,1.0
S,S,0.99170035
L,L,1.0
K,H,0.8224476
I,I,0.9998691
A,A,1.0
I,I,1.0
J,J,1.0
K,K,0.9999999
W,W,0.9989728
K,K,0.99961805
Y,Y,0.9999994
B,B,0.96411496
R,R,0.9528687
R,R,0.9995819
I,I,1.0
I,I,1.0
P,P,1.0
W,W,1.0
Z,Z,0.99968827
M,M,1.0
S,L,0.957054
N,N,0.9999676
U,U,1.0
W,W,0.7645413
F,F,0.99999976
O,O,0.9999987
Q,Q,0.99479264
Q,Q,0.9999999
Z,Z,0.9600533
T,T,1.0
U,U,1.0
D,D,0.9999994
O,O,0.99897337
D,D,1.0
G,G,0.9666263
A,A,1.0
Z,Z,0.99958414
J,J,0.99944514
U,U,0.9911272
I,I,1.0
O,O,0.9998173
Q,Q,0.9999701
W,W,0.9999924
Y,Y,0.99919397
C,C,0.9054005
R,R,0.9999137
M,M,1.0
F,P,0.8806565
P,P,0.8422431
S,S,0.9999931
T,T,1.0
X,X,0.9999994
I,I,1.0
K,K,0.9317637
B,B,0.99969065
J,J,0.9662729
A,A,1.0
N,N,0.9999987
C,C,1.0
T,T,1.0
O,O,0.9988489
E,E,0.9889207
V,V,1.0
F,F,0.9048545
E,G,0.643778
K,X,0.60661876
Q,Q,0.99031746
W,W,1.0
K,K,1.0
J,J,0.9999999
A,A,1.0
H,H,0.999297
B,B,0.95052
V,V,1.0
W,W,1.0
Y,Y,1.0
I,I,1.0
C,C,1.0
E,E,1.0
Q,O,0.84080213
A,A,1.0
O,O,0.99975914
O,O,0.9994185
H,H,0.90727556
J,J,1.0
E,E,0.99999964
K,K,0.9971318
T,T,1.0
X,X,0.9999913
U,U,0.99998355
M,M,0.99824154
W,W,0.39119473
X,X,0.9576356
X,X,0.9992161
F,F,0.9962888
O,O,0.99999857
H,H,0.99927706
J,J,1.0
A,A,1.0
M,M,1.0
F,F,0.9929507
M,M,0.9999999
N,N,1.0
Y,Y,0.9892239
A,A,1.0
D,D,0.9998871
A,A,1.0
B,B,0.999997
U,U,1.0
G,G,0.59843826
T,T,0.9935045
T,T,1.0
O,O,0.8036393
Z,Z,0.99999976
B,B,0.534348
V,V,0.9826582
C,C,1.0
K,K,0.99997187
Q,Q,0.9999995
G,G,0.99999785
N,N,0.99999666
I,I,1.0
N,N,0.9994855
J,J,0.97021747
T,U,0.75156504
R,R,0.9999999
B,B,0.9950401
C,C,0.9998809
Q,Q,0.9999999
F,F,0.9999927
E,E,0.9999505
Y,Y,0.99999905
C,C,1.0
E,E,0.9943587
D,D,0.996933
W,W,1.0
H,H,0.9914859
N,N,0.99999976
M,M,1.0
R,R,0.9806147
V,V,0.9999826
C,C,1.0
X,X,1.0
T,T,0.9999844
I,I,1.0
U,U,0.99999964
F,F,0.9999759
L,L,1.0
W,W,1.0
T,T,1.0
Z,Z,0.9997259
Y,Y,0.86459255
B,B,0.99935335
M,M,1.0
O,O,0.99999666
V,V,0.99999964
S,X,0.6140271
M,M,0.9998022
A,A,1.0
S,S,0.9999379
H,H,0.8627257
R,R,0.9998913
I,I,1.0
H,H,0.9976896
R,R,0.64888805
F,F,1.0
N,N,0.99980074
T,T,0.99999094
X,X,0.99121666
Q,Q,0.9999907
I,I,0.9999862
Z,Z,0.9956916
D,D,0.99972767
H,H,0.9996728
F,F,0.99963987
M,M,0.99999654
B,B,0.99133027
B,B,0.9997085
H,H,0.9999578
R,R,0.9897445
U,U,1.0
I,S,0.84062976
U,U,1.0
G,G,0.99999857
P,P,0.9999982
W,W,1.0
L,L,1.0
G,G,0.9991968
R,R,0.9998287
E,E,0.84651816
X,X,0.9999995
V,V,0.99999964
E,E,0.66244036
C,C,1.0
D,D,0.9997396
U,U,1.0
T,T,1.0
J,J,0.99999213
H,H,0.90557563
A,A,1.0
B,R,0.5005542
F,F,0.999977
X,X,0.9999964
Z,Z,0.9997634
W,W,1.0
J,J,1.0
P,P,0.9979553
D,D,0.9997136
L,L,1.0
Z,Z,0.9999418
M,M,1.0
Z,Z,0.99999905
U,U,1.0
S,S,0.99992716
O,O,0.999962
D,D,0.99982065
S,S,0.99999475
O,O,0.8868577
T,T,1.0
Q,Q,0.9999927
S,S,0.99990594
H,H,1.0
U,U,1.0
A,A,1.0
S,S,0.99987566
V,V,0.9999999
N,N,0.9902075
O,O,0.99999976
Z,Z,0.99999666
G,G,0.99640024
T,T,0.9999999
S,S,0.9997942
I,I,0.5332025
Q,Q,0.9991603
C,C,0.75216377
Y,Y,1.0
G,G,0.99999976
P,P,0.9999999
F,F,0.954884
M,M,0.97184855
D,D,0.99992585
X,X,0.99999976
H,H,0.9999913
C,C,0.99999666
L,L,1.0
Y,Y,0.9999994
Z,Z,0.9999598
S,S,0.99999905
C,C,0.9999999
Z,Z,0.99999225
B,B,0.9999988
Q,Q,0.9999993
V,V,1.0
R,R,0.9994784
H,H,0.9999993
U,U,1.0
B,B,0.99998236
U,U,1.0
A,A,1.0
V,V,0.99999964
N,N,0.35368955
X,X,0.99997294
Z,Z,0.99992716
R,R,0.9999405
R,R,0.9974783
T,T,0.9999995
N,N,0.99999976
C,C,0.9999995
X,X,0.99999964
M,M,1.0
T,T,0.9999999
U,U,0.9997054
W,W,0.9999999
H,H,0.84658724
C,C,1.0
S,S,0.9811786
P,P,0.9500884
S,S,0.99999833
E,E,1.0
W,W,1.0
H,H,0.99966717
T,T,1.0
R,R,0.94862646
G,G,0.9994456
V,V,0.9999999
N,N,0.944106
D,D,0.9995453
S,S,0.99992466
H,H,0.4869828
G,G,0.94177705
X,X,0.99999094
R,R,0.99994576
F,F,0.99867946
K,K,0.9998735
C,C,0.9986249
F,F,0.9829883
S,S,0.99706846
E,E,0.99999976
D,D,0.9990847
W,W,1.0
Z,Z,1.0
T,T,0.96907324
A,A,1.0
R,R,0.9999974
X,X,0.99993336
W,W,1.0
D,D,0.99996984
J,J,1.0
A,A,1.0
O,O,0.7619237
E,E,0.7358706
Q,D,0.90803254
Y,Y,1.0
Z,Z,0.99702007
O,O,0.9999528
G,G,0.99975437
A,A,0.99999917
M,M,1.0
X,X,1.0
I,I,1.0
D,D,0.99993825
T,T,0.999345
I,I,1.0
H,H,0.99999654
A,A,1.0
G,G,0.9999957
S,S,0.9999815
E,G,0.5417195
U,U,1.0
P,P,0.9865804
K,K,0.99787915
G,G,0.998855
J,J,0.9996897
V,G,0.54557616
S,S,0.9319581
X,X,0.99945956
D,D,0.9999999
O,O,0.99999976
F,F,1.0
R,R,0.99935013
R,R,0.579395
J,J,0.999778
C,C,1.0
H,H,0.9999062
W,W,0.99659556
M,M,0.97879994
M,M,1.0
J,J,0.9933122
Y,Y,1.0
F,F,1.0
F,F,0.9992654
Y,F,0.73466945
G,G,0.9995104
X,X,0.99993014
I,I,0.8974222
W,W,1.0
X,X,0.9958996
N,N,0.9998777
O,O,0.999918
Y,Y,1.0
H,H,0.9998228
C,C,1.0
U,U,0.99999714
W,W,0.9999949
C,C,1.0
W,W,0.9999999
Z,Z,1.0
W,W,0.9999994
B,B,0.9597897
J,J,0.9999999
O,O,0.99999464
A,A,1.0
O,C,0.5521892
Z,Z,0.99973625
Y,Y,0.99999034
J,J,1.0
R,R,0.9994997
L,L,1.0
U,U,1.0
T,T,1.0
W,W,1.0
M,M,0.9999963
X,X,0.9999373
V,V,0.99915195
K,K,0.9999999
W,W,1.0
D,D,1.0
Y,Y,0.9961591
S,S,0.9945386
T,T,1.0
H,H,1.0
V,V,1.0
J,J,1.0
L,L,0.9999894
Z,Z,0.9999901
E,E,0.99633104
X,X,0.9999999
V,V,0.5316435
L,L,0.88730145
D,D,0.9760105
Y,T,0.688904
M,M,1.0
D,D,0.99999976
C,C,0.9996132
I,I,1.0
C,C,0.9999995
Z,Z,0.9999993
K,K,0.9763926
H,H,1.0
D,D,0.9999088
R,R,0.9954965
L,L,1.0
S,S,0.99780566
R,R,0.81680477
L,L,1.0
P,P,1.0
R,R,0.9998646
C,C,0.9999999
W,W,1.0
N,N,0.99998736
L,L,1.0
T,T,0.9999982
F,F,1.0
L,L,1.0
V,V,1.0
R,R,0.9999949
T,T,1.0
F,F,0.802473
N,N,0.99999917
I,I,1.0
C,C,1.0
W,W,0.9999994
N,N,0.999856
K,K,0.999992
Q,Q,0.97039604
Z,Z,1.0
G,G,0.99305385
A,A,0.9226234
F,F,0.99994147
N,N,0.9999999
J,J,0.99739206
A,A,1.0
W,W,1.0
P,P,0.9998128
S,S,0.9999999
L,L,1.0
O,O,0.9998499
Z,Z,0.9999988
E,E,0.99999654
I,I,1.0
E,E,0.9921286
U,U,1.0
G,G,0.9993648
C,C,1.0
R,R,0.99958915
N,N,0.9997764
F,F,1.0
P,P,0.9999846
O,O,0.99988127
Y,Y,0.9999857
I,I,1.0
R,R,0.9996493
K,K,0.9999999
Y,Y,1.0
H,H,0.76101017
U,U,1.0
E,E,0.99295133
H,H,0.99990046
X,X,0.9951692
P,R,0.35195914
C,C,0.9999999
J,J,1.0
M,M,1.0
R,R,0.99999046
Z,Z,0.99999976
S,S,0.93868583
R,R,0.9999993
B,B,0.999777
S,S,0.9999008
P,P,0.99998677
K,K,1.0
Z,Z,0.9999999
Q,Q,0.9999982
U,U,1.0
N,N,0.9999995
S,S,0.99999046
N,N,0.50716025
F,F,0.99956816
B,B,0.99999595
P,P,1.0
P,P,0.9999974
O,O,0.9999535
Q,Q,0.99999964
R,R,0.9999975
Y,Y,0.7862138
C,C,1.0
S,S,0.9999405
K,K,0.99999976
Y,Y,0.9973592
Q,Q,0.9999951
F,F,1.0
L,L,0.97848594
G,G,0.9996712
O,O,0.99998593
F,F,1.0
G,G,0.99934953
P,P,0.99999976
H,H,0.99828255
C,C,0.9999995
J,J,0.999985
G,G,0.99997044
I,I,1.0
W,W,1.0
D,D,1.0
H,H,0.99738604
Q,Q,0.996311
D,D,0.99885595
K,K,0.99999905
X,X,0.9999627
W,W,0.99999285
O,O,0.99987364
E,E,0.9999957
W,W,0.9996518
O,O,0.9999325
H,H,0.98391783
J,J,1.0
Q,Q,0.89768386
B,B,0.99999416
A,A,1.0
S,S,0.99996185
L,L,1.0
K,K,0.99995995
H,H,0.9999713
O,O,0.9999393
Z,Z,0.9999993
V,V,0.9999939
M,M,0.9999999
D,D,0.9974988
N,N,0.9999994
U,U,1.0
R,R,0.9999999
T,Y,0.5710074
H,H,0.9972059
Y,Y,1.0
L,L,1.0
B,B,0.9796745
T,T,0.99614304
L,L,0.9981244
R,R,0.6296374
W,W,1.0
Q,Q,0.99998856
G,E,0.79753435
N,N,0.9999467
J,J,1.0
D,D,0.9999937
X,X,0.9999862
K,K,0.99999905
O,O,0.9813416
I,I,0.99999976
K,K,0.9999746
T,T,0.8933967
T,T,1.0
O,O,0.9999498
Q,Q,0.999936
G,G,0.99970394
U,U,0.99999976
J,J,0.99999976
Z,Z,1.0
L,L,0.6469541
F,F,0.99542433
F,F,0.99956113
N,N,0.99423826
M,M,1.0
M,M,1.0
Z,Z,0.9999999
W,W,1.0
M,M,1.0
C,C,0.9987777
V,V,0.999998
P,P,1.0
M,M,0.99999857
Z,Z,1.0
D,D,0.99993443
X,X,0.9999931
H,H,0.99395543
Y,Y,0.9998692
B,B,0.9234616
P,P,0.93642056
N,N,1.0
F,F,0.99996006
O,O,0.9860007
J,J,1.0
J,J,1.0
O,O,0.938844
P,P,1.0
I,I,1.0
O,O,0.9999931
T,T,0.9999999
A,A,1.0
P,P,0.9956548
T,T,0.99999964
V,V,0.9999769
Y,Y,0.9999981
M,M,0.9999839
Q,Q,0.9998423
Q,Q,0.9994266
Q,Q,0.9999999
Y,Y,0.99949825
A,A,1.0
U,U,1.0
P,P,1.0
F,F,1.0
D,D,0.9999981
H,H,1.0
U,U,0.9999999
R,R,0.93818367
U,U,1.0
X,X,0.99998236
F,F,1.0
V,V,0.9999999
H,H,0.99741286
M,M,1.0
U,U,1.0
K,K,0.9996182
E,E,0.9449231
R,R,1.0
B,B,0.69576985
Q,Q,1.0
N,N,0.9839447
C,C,1.0
N,N,0.99999917
Z,Z,0.99999726
T,T,1.0
F,F,0.98301077
W,W,0.9997807
M,M,1.0
V,V,1.0
F,F,0.99997425
W,W,0.9999988
A,A,1.0
K,K,0.9999819
J,J,1.0
D,D,0.99724174
C,C,0.99943644
S,S,0.99619484
I,I,0.9993844
G,G,0.999998
L,L,1.0
Z,Z,0.9999988
J,J,0.99999964
S,S,0.99976724
V,V,1.0
J,J,1.0
Z,Z,0.9999993
H,H,1.0
W,W,1.0
Q,Q,0.99687755
D,D,0.99999976
X,X,0.83172107
P,F,0.74772143
B,B,0.9985367
F,F,0.9996506
Q,Q,0.9999987
I,I,1.0
N,D,0.6547055
M,M,1.0
V,V,1.0
Q,Q,0.9993187
H,H,0.7896696
K,K,1.0
X,X,1.0
S,S,0.998145
Y,Y,0.7009005
B,B,0.9962269
I,I,1.0
F,F,0.99999976
X,X,0.9999994
I,I,1.0
D,D,0.8874432
R,R,0.9997459
T,T,1.0
O,O,0.99999154
D,D,0.9999931
E,E,0.9997849
Z,Z,0.9999995
E,E,0.999553
L,L,1.0
A,A,1.0
Z,Z,0.99993193
O,O,0.99594647
V,W,0.8783545
Y,Y,1.0
F,F,0.9999999
U,U,0.9996346
K,K,0.999998
W,W,1.0
E,E,0.9867481
E,E,0.98501265
I,I,1.0
T,K,0.80184835
U,U,1.0
R,B,0.8522949
W,W,1.0
X,X,1.0
L,L,1.0
F,F,1.0
M,M,1.0
Z,Z,0.9999944
Z,Z,0.99972004
K,K,0.9902171
U,U,1.0
Y,Y,0.9997577
S,S,0.999995
T,T,1.0
V,V,0.999979
F,F,0.99910176
A,A,1.0
U,U,1.0
R,R,0.9992417
O,O,0.99998426
H,H,0.89508075
T,T,0.9999962
O,O,0.99982125
G,G,0.99950206
V,V,0.99999845
R,R,0.99955267
K,K,0.9999987
Y,Y,1.0
H,K,0.62980044
N,N,1.0
J,J,0.9998287
L,L,1.0
P,P,0.9990932
Y,Y,0.9950203
B,B,0.9999989
U,U,1.0
N,N,0.9999993
X,X,1.0
T,T,1.0
I,I,1.0
P,P,0.9960685
V,V,0.9999995
S,S,0.9885838
L,L,0.9997004
F,F,0.99999774
T,T,0.9999927
A,A,1.0
L,L,1.0
R,R,0.89214873
H,H,0.9782641
W,W,0.9999989
V,V,1.0
V,V,0.99998164
H,H,0.99998236
L,L,1.0
P,P,1.0
O,O,0.99999297
Q,Q,0.9999944
O,O,0.99681914
G,G,0.9999727
D,D,0.99999976
M,M,1.0
B,B,0.98130816
A,A,1.0
J,J,0.8563199
A,A,1.0
W,W,1.0
Q,Q,0.9919436
B,B,1.0
E,E,0.996678
Z,Z,1.0
U,U,0.9999999
L,L,1.0
V,V,1.0
P,P,0.9999931
S,S,0.9997086
M,M,0.99999475
B,B,0.99484634
K,K,1.0
K,K,0.9999995
S,S,0.99999905
G,O,0.5193328
H,H,0.9534106
T,T,1.0
P,P,1.0
W,W,1.0
S,S,0.9981773
W,W,0.9203013
Y,Y,0.9982504
P,P,0.968778
F,F,0.9668101
L,L,1.0
F,F,0.87955695
H,K,0.88606673
U,U,1.0
C,C,0.9998198
O,O,0.99999714
Z,Z,0.99999964
W,W,1.0
H,H,0.9255047
W,W,0.9999994
F,F,1.0
H,H,0.9226019
Y,Y,0.99999845
O,O,0.9998547
X,X,0.99963343
C,C,1.0
T,T,1.0
F,N,0.49993974
K,K,1.0
Q,Q,0.9710369
F,F,0.9998889
W,W,1.0
Z,Z,0.999928
P,P,0.9994568
M,M,1.0
G,G,0.99991035
U,U,0.99986804
A,A,1.0
G,G,0.9999995
I,I,1.0
V,V,0.99999917
R,R,1.0
O,O,0.9999753
Z,Z,1.0
U,U,1.0
T,T,1.0
D,D,0.99999917
I,I,1.0
H,G,0.6333097
F,F,1.0
Q,Q,0.99999785
V,V,0.9997353
G,G,0.9920672
Y,T,0.6196499
V,V,0.99999905
G,G,0.72891974
U,U,1.0
S,S,0.7987515
J,J,1.0
G,V,0.8945756
Y,Y,0.81401306
D,D,0.94702893
L,L,1.0
D,D,1.0
A,A,1.0
G,G,0.9946725
Y,Y,0.9995653
P,P,1.0
W,W,0.999203
O,O,0.9990097
Y,Y,0.9888066
T,T,1.0
D,D,0.99999976
F,F,1.0
T,T,1.0
U,U,0.99999785
Y,Y,1.0
E,E,0.9829759
M,M,0.9979482
B,S,0.6461378
G,G,0.9999839
J,J,1.0
V,V,0.9998871
H,B,0.5625764
U,U,1.0
A,A,1.0
O,O,0.99810517
O,O,0.9999862
E,G,0.8580259
A,A,1.0
Z,Z,0.9023051
O,O,0.9998685
K,K,0.9998734
N,N,1.0
F,P,0.742647
G,G,0.99868935
G,G,0.99579704
L,L,1.0
E,E,1.0
U,U,1.0
F,F,0.9999907
O,O,0.99990773
X,X,0.99999964
O,O,0.9999981
D,D,1.0
G,G,0.99985874
Q,Q,0.9999999
X,X,1.0
W,W,0.9997938
G,G,0.92862296
E,E,0.5599161
S,S,0.9999994
H,H,0.9999993
D,D,0.9996642
T,T,1.0
G,G,0.9959443
G,G,0.99941564
K,K,1.0
O,O,0.9997893
J,J,1.0
N,N,0.9999802
G,G,0.96321285
J,J,1.0
P,P,1.0
R,R,1.0
H,H,0.99429554
M,M,0.9941723
M,M,0.9999906
P,P,1.0
L,L,1.0
V,V,0.9999999
K,K,0.9787996
Z,Z,0.9997259
P,P,0.9999292
F,F,0.993127
K,K,1.0
W,W,0.9109233
M,M,1.0
D,D,1.0
E,E,1.0
K,K,1.0
T,T,1.0
R,R,0.999998
Z,Z,0.99999344
C,C,1.0
J,J,0.9999994
P,P,1.0
T,T,0.9999995
Q,Q,0.99999356
A,A,1.0
I,I,1.0
O,O,0.9999813
F,F,1.0
K,K,0.9999964
N,N,0.98306435
O,O,0.99996424
U,U,0.9999999
N,N,0.99999297
L,X,0.8184204
K,K,0.99995387
F,F,0.90508884
U,U,0.99986684
J,J,1.0
Q,Q,0.9999999
O,O,0.9989429
K,K,0.99999607
Z,Z,1.0
E,E,0.9999994
U,U,1.0
L,L,1.0
X,X,0.81204164
L,L,1.0
J,J,1.0
W,W,0.9999993
G,G,0.9997664
J,J,1.0
F,F,0.99981374
A,A,0.99176276
J,J,1.0
A,A,1.0
B,B,0.59801656
T,T,0.9999995
P,P,1.0
A,A,1.0
N,N,0.9999994
X,X,0.9997689
Q,Q,0.9693646
Q,Q,1.0
U,U,1.0
Q,Q,0.9999181
U,U,1.0
V,V,0.9999826
V,B,0.633022
Z,Z,1.0
P,P,1.0
U,U,1.0
L,L,1.0
C,C,1.0
Z,Z,1.0
O,D,0.6435701
X,X,0.9999808
F,F,0.96795636
N,N,0.9999994
X,X,0.9999485
I,I,0.99999535
Q,Q,0.9936512
J,J,1.0
I,I,1.0
A,A,0.99999976
W,W,1.0
S,S,0.99979895
B,B,0.975415
V,V,0.9966137
M,M,1.0
W,W,0.9999511
X,X,0.99999857
D,D,0.99999976
Y,Y,0.98188674
T,T,1.0
M,M,0.9999893
O,Q,0.80077773
K,K,0.9999894
K,K,0.9905248
F,F,0.63171196
W,W,1.0
N,N,0.99997485
I,I,1.0
N,N,0.9999988
I,I,1.0
E,E,0.99991024
B,B,0.9999869
P,P,1.0
D,D,1.0
U,U,1.0
G,G,0.99101907
K,K,0.9999993
N,N,0.99988437
S,S,0.9997838
L,L,1.0
K,K,0.9998661
P,P,1.0
P,P,1.0
O,O,0.999879
T,T,0.9997352
J,J,1.0
G,G,0.9999999
J,J,1.0
K,K,0.99920076
A,A,1.0
Y,Y,0.9999999
J,J,0.8713148
R,R,0.7780441
V,V,1.0
I,I,1.0
Z,Z,0.99504316
S,S,0.9999912
K,K,0.99932194
P,P,1.0
B,B,0.9001309
X,X,0.9990754
S,S,0.99203956
S,S,0.5509292
E,E,0.9999918
L,L,1.0
Y,Y,1.0
Y,Y,0.99869746
Y,Y,1.0
P,P,0.9669603
N,N,0.99999344
X,X,0.9638479
U,U,1.0
R,R,0.9383329
Z,Z,0.9998374
A,A,1.0
E,E,0.9999343
R,R,0.9996226
P,P,1.0
B,H,0.9167001
G,G,0.6885453
A,A,1.0
D,D,0.99867237
D,D,0.99788934
E,E,1.0
I,I,0.999982
L,L,1.0
K,K,0.99997807
J,J,0.99989986
D,D,0.9697067
M,M,0.9993585
B,B,0.9996319
Z,Z,0.99999976
N,N,0.9951382
Q,Q,0.99999917
X,X,0.999969
M,M,1.0
R,R,1.0
Z,Z,0.9999752
M,M,1.0
X,X,0.99997246
Z,Z,0.99999976
L,L,1.0
Q,Q,0.9999993
D,D,0.99947613
L,L,1.0
B,B,0.6936283
T,T,0.82880235
J,J,1.0
F,F,0.99815553
D,D,0.99997365
Q,O,0.87671626
F,P,0.60956454
R,R,0.99999106
T,T,1.0
G,G,0.6423571
M,M,1.0
D,D,0.9999995
Q,Q,0.985366
V,V,0.999962
B,B,0.99969065
Z,Z,1.0
I,I,1.0
V,V,0.99991107
L,L,0.99950516
E,E,0.9619905
O,O,0.9999975
B,R,0.5344732
J,J,1.0
X,X,0.9999894
B,B,0.9999969
B,B,0.9999021
P,P,0.99999285
G,G,0.9921977
O,O,0.9999993
Q,W,0.8215017
N,N,0.99915504
Q,Q,0.9905246
J,J,0.9997992
E,E,0.9993455
K,K,0.966725
N,N,0.9999999
W,W,0.9996674
U,U,0.981848
B,B,0.99702877
T,T,1.0
Y,Y,0.9767635
Z,Z,0.7350167
L,L,0.99982685
L,L,0.91987413
P,P,1.0
Y,Y,0.9996753
M,M,1.0
Z,Z,0.99998534
F,F,0.9999505
H,H,1.0
D,D,1.0
G,G,0.9947291
W,W,1.0
Y,Y,1.0
R,R,0.99998045
W,W,1.0
C,C,0.9997342
M,M,0.99999976
A,A,1.0
R,R,0.9999727
U,U,0.99999225
E,E,0.99999547
X,X,0.99336207
C,C,0.9999994
Q,Q,0.9992607
E,E,0.98314995
Z,Z,1.0
Q,Q,0.99980074
M,M,1.0
R,R,1.0
X,X,0.9896941
N,N,0.9999994
P,P,1.0
Y,Y,1.0
A,A,1.0
W,W,1.0
K,K,0.99999857
K,K,0.9751338
X,X,1.0
D,D,0.9942773
C,C,0.9999987
R,R,0.9913374
G,G,0.9577084
T,T,0.99999976
X,X,0.71947455
B,B,0.999997
D,D,0.99999976
R,R,0.99999976
W,W,1.0
L,L,0.6707079
N,N,0.99999976
C,C,1.0
I,I,1.0
T,T,1.0
A,A,1.0
H,H,0.9978732
F,F,0.9941713
E,E,0.6614835
E,E,0.99981827
K,K,0.9962878
S,S,0.99997675
R,R,0.96074635
J,J,0.9999975
G,G,0.99953246
U,U,1.0
M,M,0.735112
K,K,1.0
Z,Z,1.0
S,S,0.99999523
C,C,1.0
E,E,0.9999958
O,O,0.9994917
P,P,0.9998004
X,X,1.0
W,W,0.9999999
A,A,0.99998856
N,D,0.57706016
Z,Z,1.0
I,I,1.0
C,C,0.9999976
G,G,0.9224097
Q,Q,0.6713855
C,C,1.0
Z,Z,0.99998534
F,F,1.0
O,U,0.8104421
P,P,0.9999982
C,C,1.0
Z,Z,0.99620265
O,O,0.999946
E,E,0.94003516
A,A,1.0
D,D,0.99999535
E,E,0.5860692
D,D,1.0
K,K,0.9968221
U,U,1.0
A,A,1.0
R,K,0.7403076
E,E,0.999928
N,N,0.9999999
O,O,0.8135169
M,M,0.9481575
V,V,0.9999932
E,E,0.98519796
F,F,1.0
I,I,1.0
S,S,0.99999857
C,C,0.9999722
H,H,1.0
P,P,0.9777641
S,S,0.9999994
D,D,1.0
C,C,0.9999919
K,K,0.9961151
L,L,1.0
R,R,0.9999993
A,A,1.0
U,U,0.99987626
R,R,0.9237316
K,K,1.0
Y,Y,0.99995065
N,N,0.9999989
N,N,0.9815356
H,H,0.9882632
F,F,0.99459285
C,C,0.9987656
U,U,1.0
L,L,1.0
X,X,0.9999963
B,B,0.999866
W,W,1.0
E,E,0.99957436
Q,Q,1.0
I,I,1.0
Q,Q,1.0
X,X,0.9999938
B,B,0.87850237
Z,Z,1.0
M,M,1.0
T,T,0.9999988
J,J,1.0
V,V,0.99998283
V,V,0.9999912
Y,Y,0.99999404
D,D,0.99999833
R,R,0.998911
V,V,0.9999999
F,F,0.78431314
T,T,0.59151006
M,M,1.0
T,T,1.0
H,H,0.7212884
Y,Y,0.99991965
F,F,1.0
F,F,0.99847025
Q,Q,0.999992
K,K,0.99999905
M,M,1.0
F,F,0.9999999
Z,Z,0.99866664
H,H,0.9433753
F,F,0.99490875
D,D,0.99999976
B,B,0.88186365
S,S,0.9999888
Y,Y,1.0
Q,Q,1.0
V,V,0.9999999
J,J,1.0
Y,Y,0.9999993
S,S,0.9432078
F,F,1.0
S,S,0.9999982
U,U,1.0
U,U,0.97007275
C,C,1.0
A,A,0.9999999
E,E,0.99797827
Q,Q,0.995522
J,J,1.0
W,W,0.99999917
G,E,0.7782092
Q,Q,0.9461821
Y,Y,0.9998524
A,A,1.0
C,C,0.9998406
Y,Y,0.99993646
I,I,0.52394366
T,T,0.9999285
K,K,0.99999976
H,H,0.9907821
Q,Q,0.99999964
C,C,0.9863149
L,L,1.0
Z,Z,1.0
J,J,1.0
N,N,0.9999999
U,U,0.9997303
W,W,1.0
L,L,1.0
K,K,0.99990606
P,P,0.6189763
S,S,0.9938871
W,W,1.0
Y,Y,0.9999999
I,I,1.0
R,R,0.9999999
D,D,0.99997556
Z,Z,0.9999999
Y,Y,0.9999987
W,W,0.9999987
Z,Z,0.99992716
L,L,0.99971277
C,C,1.0
Q,Q,0.9999546
P,P,0.99887604
W,W,0.9929645
V,V,1.0
A,A,0.99999905
O,O,0.9999987
L,L,0.9984774
R,R,0.99853516
H,H,0.9648712
C,C,1.0
Q,Q,0.99999976
C,C,1.0
Q,Q,0.99971896
N,N,0.9998272
D,D,0.82316333
H,H,0.99999964
D,D,1.0
G,G,0.9970873
P,P,0.99355006
V,V,0.9999014
T,T,0.99993646
P,P,0.6083311
K,K,0.9999995
Z,Z,0.9998554
F,F,0.995436
X,X,0.9999999
H,H,1.0
D,D,1.0
G,G,0.9999454
Z,Z,0.9999776
W,W,1.0
O,O,0.99967396
I,I,0.9891121
U,U,0.9986274
A,A,1.0
E,E,0.99990547
F,F,0.9999975
Q,Q,0.9706125
E,E,0.72709656
D,D,0.9999393
V,V,0.99998724
U,U,1.0
D,D,1.0
W,W,0.9999999
Y,Y,0.99999964
T,T,1.0
K,X,0.9090902
G,G,0.99997663
H,H,0.98863214
S,S,0.9991398
C,C,0.9796015
Y,Y,1.0
P,P,1.0
U,U,0.99999654
Q,Q,0.99983203
Q,Q,0.9726591
P,P,1.0
K,K,0.99999726
R,R,0.99843377
A,A,1.0
G,G,0.99565315
C,C,1.0
D,D,1.0
Z,Z,0.9997373
Z,Z,0.9998442
N,D,0.9400936
T,T,1.0
L,L,1.0
H,H,0.9418657
T,T,1.0
X,X,0.9866986
D,D,1.0
B,B,0.9984256
A,A,1.0
R,R,0.998752
J,J,1.0
W,W,1.0
K,R,0.5959947
B,B,0.9989705
T,T,0.9999999
H,H,0.9954295
Q,Q,0.99999404
T,T,1.0
M,M,1.0
F,F,0.9999999
K,K,1.0
G,G,0.9999678
C,C,1.0
E,E,1.0
M,M,0.9999995
Z,Z,1.0
E,E,0.99999976
L,L,0.99999964
M,M,1.0
F,F,0.937566
W,W,0.9999993
R,R,0.9993498
E,E,0.99999726
U,U,1.0
R,K,0.715501
V,V,1.0
I,I,1.0
P,P,1.0
P,P,1.0
H,H,1.0
E,E,0.9941052
Y,Y,1.0
G,G,0.9993278
H,H,0.99998486
I,I,1.0
U,U,1.0
Y,T,0.9984334
J,J,1.0
T,T,0.99981385
L,L,0.99999976
V,B,0.69446766
A,A,1.0
O,O,0.99999726
S,S,0.99999976
A,A,0.9999999
Q,Q,0.9999999
O,O,0.9999999
F,F,0.99998105
T,T,0.99990654
B,B,0.892447
D,D,0.9997986
H,H,1.0
D,D,0.9993919
K,K,0.9999988
C,C,1.0
R,R,0.99998844
B,H,0.8712725
P,P,0.9999994
C,C,1.0
E,E,0.99999964
E,E,0.9985195
U,U,1.0
V,V,0.9999871
Y,Y,1.0
G,G,0.9979596
D,D,0.9994548
M,M,0.9998503
R,R,0.9980969
B,B,0.9999988
Q,Q,0.95063365
W,W,1.0
O,O,0.99999356
Y,T,0.5281813
U,U,1.0
W,W,0.9999989
J,J,0.9999994
Y,Y,0.9999471
I,I,0.99983823
C,C,1.0
V,V,0.9999999
P,P,0.96636105
E,E,0.9999993
L,L,1.0
V,V,1.0
H,H,0.99627644
Z,Z,0.9999989
Z,Z,1.0
A,A,0.9984383
H,H,0.9993175
B,V,0.77120507
Z,Z,1.0
F,F,0.9977247
W,W,1.0
D,D,0.99968743
J,J,1.0
M,M,1.0
H,H,0.999933
B,B,0.99966466
I,I,0.9999933
M,M,0.9999993
N,N,0.9954307
D,D,0.9999951
K,K,0.99973494
O,O,0.99999833
E,E,1.0
T,T,1.0
W,W,0.9999982
V,V,0.99998677
D,D,0.99999964
I,I,0.99983287
X,X,0.9999813
G,G,0.99649125
I,I,1.0
B,B,0.99981123
J,J,0.9999801
B,B,0.9999701
H,H,1.0
Z,Z,0.9986921
U,U,1.0
K,H,0.66215646
E,E,0.99998736
Y,Y,1.0
A,A,1.0
Q,O,0.8549469
V,V,0.9999987
Q,Q,0.9992236
R,R,0.98446965
E,E,0.99999964
P,P,0.9989705
G,G,0.99327236
Z,Z,0.9350526
X,X,0.9999999
D,D,1.0
C,C,1.0
N,N,0.99999917
P,P,0.9990006
X,X,0.9998462
D,D,0.9996917
V,V,0.9998355
Z,Z,0.84256935
I,I,0.9999051
I,I,1.0
Y,Y,0.99999905
X,X,0.9999329
S,S,0.99768686
C,C,1.0
L,L,1.0
R,R,0.91861457
X,X,0.81932884
U,U,0.99999976
V,V,1.0
R,N,0.6802886
P,P,1.0
J,J,1.0
I,J,0.98115635
B,B,0.6285467
G,G,0.99997365
Y,Y,0.99991226
T,T,1.0
O,O,0.99999857
Y,Y,0.99999917
J,J,1.0
X,X,0.9999999
Q,Q,0.9999987
U,U,1.0
C,O,0.86119133
T,T,0.99823916
R,R,0.9971219
J,J,0.99999964
V,V,0.9999391
J,J,1.0
J,J,0.9999999
Y,Y,0.99389786
B,B,0.98360556
T,T,0.99999
S,S,0.9999757
A,A,1.0
S,S,0.99999213
T,T,1.0
S,S,0.9993975
Q,Q,0.9735885
M,M,0.99631566
W,W,1.0
H,K,0.81042594
C,C,1.0
Z,Z,0.99990773
V,V,1.0
L,L,1.0
I,I,1.0
G,G,0.999979
N,N,0.9971987
C,C,0.9999374
A,A,1.0
K,K,0.9999999
F,F,0.99710673
X,X,1.0
S,S,0.9999144
I,I,1.0
E,E,0.99742365
F,F,0.9932348
F,F,0.999788
E,E,1.0
W,W,1.0
C,C,1.0
K,K,0.99675024
V,V,0.99995077
B,B,0.99975234
G,G,0.9970716
L,L,1.0
F,F,0.9999988
L,L,0.9999995
U,U,1.0
T,T,1.0
I,X,0.99943405
J,J,1.0
H,H,0.9999753
K,K,0.99966
B,B,0.99983656
R,R,1.0
F,F,1.0
E,E,0.9984692
U,U,1.0
G,G,0.99899393
R,R,0.99999917
B,B,0.9957489
W,W,1.0
I,I,1.0
T,T,1.0
T,T,1.0
H,H,1.0
B,B,0.99996626
Q,Q,0.9999851
F,F,0.9999536
J,J,0.99578613
N,N,1.0
C,C,1.0
U,U,0.99999905
T,T,0.9991347
X,X,0.9999999
Q,Q,1.0
U,U,1.0
